Timestamp[nanosec],gx[rad/s],gy[rad/s],gz[rad/s],ax[m/s^2],ay[m/s^2],az[m/s^2],Unix time[nanosec]
961748387461660,7.9894764E-4,6.657897E-4,-0.0014647373,0.35393196,0.3233896,-9.659168,1657487979888000000
961748389968275,0.0018642112,-3.9947382E-4,0.0027963168,0.29164952,0.33776248,-9.692106,1657487979891000000
961748392474837,7.9894764E-4,-3.9947382E-4,0.0038615803,0.29164952,0.30901673,-9.692106,1657487979893000000
961748394981400,7.9894764E-4,6.657897E-4,0.0017310532,0.27727664,0.27548003,-9.6968975,1657487979896000000
961748397487962,0.0029294747,-0.0014647373,6.657897E-4,0.29164952,0.30422577,-9.635813,1657487979902000000
961748399994577,-2.6631588E-4,-3.9947382E-4,6.657897E-4,0.32039526,0.280271,-9.687914,1657487979902000000
961748402501139,-0.0013315794,-0.0014647373,0.0017310532,0.3012314,0.3138077,-9.687914,1657487979903000000
961748405007702,0.0018642112,-3.9947382E-4,0.0037284223,0.3120111,0.3569263,-9.715462,1657487979905000000
961748407514264,-0.0013315794,-0.0014647373,0.0026631588,0.2641015,0.3138077,-9.672942,1657487979910000000
961748410020827,-2.6631588E-4,-0.0025300009,-5.3263176E-4,0.31680202,0.3569263,-9.70588,1657487979910000000
961748412527441,0.003994738,-3.9947382E-4,5.3263176E-4,0.31680202,0.3569263,-9.70588,1657487979913000000
961748415034004,-2.6631588E-4,-3.9947382E-4,0.0026631588,0.30242917,0.3233896,-9.70588,1657487979919000000
961748417540566,-0.0013315794,-0.0014647373,-5.3263176E-4,0.30242917,0.3233896,-9.70588,1657487979919000000
961748420047129,7.9894764E-4,-3.9947382E-4,0.0015978953,0.30242917,0.30901673,-9.677733,1657487979922000000
961748422553743,7.9894764E-4,0.0017310532,0.0015978953,0.30242917,0.30901673,-9.677733,1657487979923000000
961748425060306,0.0018642112,6.657897E-4,-0.0015978953,0.32638395,0.2994348,-9.720253,1657487979927000000
961748427566868,-2.6631588E-4,-3.9947382E-4,5.3263176E-4,0.30722013,0.30422577,-9.725044,1657487979929000000
961748430073431,-2.6631588E-4,-3.9947382E-4,5.3263176E-4,0.30722013,0.30422577,-9.725044,1657487979933000000
961748432580046,7.9894764E-4,-3.9947382E-4,-0.0026631588,0.321593,0.32818055,-9.7484,1657487979935000000
961748435086608,-0.0013315794,6.657897E-4,-0.0037284223,0.31680202,0.31859866,-9.663361,1657487979936000000
961748437593171,-0.0013315794,0.0038615803,5.3263176E-4,0.2784744,0.30901673,-9.734626,1657487979938000000
961748440099733,-0.0034621065,6.657897E-4,-5.3263176E-4,0.2784744,0.30901673,-9.734626,1657487979943000000
961748442606348,7.9894764E-4,-0.0014647373,-5.3263176E-4,0.3120111,0.3233896,-9.715462,1657487979943000000
961748445112910,0.0029294747,0.0017310532,-5.3263176E-4,0.29284725,0.3329715,-9.757982,1657487979945000000
961748447619473,0.003994738,0.0017310532,-5.3263176E-4,0.33596587,0.3233896,-9.781937,1657487979948000000
961748450126035,7.9894764E-4,-0.0014647373,0.0015978953,0.28805628,0.26110715,-9.729835,1657487979953000000
961748452632650,-0.002396843,6.657897E-4,5.3263176E-4,0.30242917,0.3233896,-9.682525,1657487979960000000
961748455139212,-2.6631588E-4,-0.0014647373,0.0026631588,0.321593,0.30901673,-9.729835,1657487979960000000
961748457645775,-2.6631588E-4,6.657897E-4,-5.3263176E-4,0.321593,0.30901673,-9.729835,1657487979961000000
961748460152337,-0.0013315794,0.0038615803,-5.3263176E-4,0.30722013,0.2994348,-9.682525,1657487979961000000
961748462658952,-2.6631588E-4,-0.0025300009,5.3263176E-4,0.28805628,0.3138077,-9.70588,1657487979965000000
961748465165514,-2.6631588E-4,-0.0025300009,-5.3263176E-4,0.28805628,0.3138077,-9.70588,1657487979967000000
961748467672077,-0.0013315794,0.0017310532,-5.3263176E-4,0.27368343,0.3138077,-9.720253,1657487979969000000
961748470178639,-0.0013315794,-0.0014647373,-5.3263176E-4,0.31680202,0.280271,-9.653778,1657487979972000000
961748472685254,0.0050600017,6.657897E-4,5.3263176E-4,0.27368343,0.28985292,-9.653778,1657487979975000000
961748475191816,0.0050600017,0.0017310532,0.0026631588,0.27368343,0.28985292,-9.653778,1657487979978000000
961748477698379,0.0029294747,0.0027963168,5.3263176E-4,0.28326535,0.31859866,-9.696299,1657487979982000000
961748480204941,-0.0034621065,0.0017310532,0.0037284223,0.30242917,0.31859866,-9.691507,1657487979982000000
961748482711556,-0.0034621065,-0.0025300009,0.0015978953,0.30242917,0.31859866,-9.691507,1657487979982000000
961748485218118,0.0018642112,-3.9947382E-4,0.0026631588,0.30242917,0.3329715,-9.738818,1657487979985000000
961748487724681,-0.0013315794,6.657897E-4,0.0015978953,0.321593,0.36171725,-9.701089,1657487979987000000
961748490231243,7.9894764E-4,-3.9947382E-4,-5.3263176E-4,0.3311749,0.2994348,-9.70588,1657487979991000000
961748492737858,-2.6631588E-4,6.657897E-4,5.3263176E-4,0.3311749,0.2994348,-9.70588,1657487979993000000
961748495244421,7.9894764E-4,6.657897E-4,5.3263176E-4,0.3120111,0.32818055,-9.734027,1657487979996000000
961748497750983,-0.002396843,-0.0014647373,5.3263176E-4,0.29284725,0.2658981,-9.790919,1657487979998000000
961748500257546,-0.0013315794,-0.0014647373,5.3263176E-4,0.30722013,0.2658981,-9.710671,1657487980002000000
961748502764160,-0.0013315794,-0.0025300009,-5.3263176E-4,0.28326535,0.3473444,-9.725044,1657487980005000000
961748505270723,-2.6631588E-4,-0.0025300009,0.0026631588,0.3120111,0.30422577,-9.734027,1657487980006000000
961748507777285,-0.0013315794,6.657897E-4,5.3263176E-4,0.3120111,0.30422577,-9.734027,1657487980013000000
961748510283848,-0.002396843,-0.004660528,0.0015978953,0.31680202,0.3233896,-9.781338,1657487980013000000
961748512790462,0.0029294747,-0.0014647373,0.0026631588,0.31680202,0.3233896,-9.781338,1657487980016000000
961748515297025,0.0018642112,0.0027963168,5.3263176E-4,0.321593,0.3473444,-9.710671,1657487980016000000
961748517803587,7.9894764E-4,-0.0014647373,0.0026631588,0.321593,0.3473444,-9.710671,1657487980020000000
961748520310150,-2.6631588E-4,0.0027963168,-5.3263176E-4,0.321593,0.30901673,-9.729236,1657487980021000000
961748522816764,0.003994738,0.0038615803,0.0026631588,0.321593,0.30901673,-9.729236,1657487980023000000
961748525323327,0.0029294747,0.0017310532,0.0026631588,0.3551297,0.27548003,-9.738818,1657487980026000000
961748527829889,-2.6631588E-4,-3.9947382E-4,-5.3263176E-4,0.30242917,0.25152525,-9.734027,1657487980029000000
961748530336452,-0.0013315794,-3.9947382E-4,5.3263176E-4,0.30722013,0.28985292,-9.7484,1657487980035000000
961748532843066,-0.0013315794,0.0017310532,0.0037284223,0.30722013,0.28985292,-9.7484,1657487980037000000
961748535349629,-2.6631588E-4,0.0017310532,0.0026631588,0.2976382,0.3329715,-9.710671,1657487980038000000
961748537856191,7.9894764E-4,6.657897E-4,-5.3263176E-4,0.2976382,0.33237264,-9.738818,1657487980040000000
961748540362754,7.9894764E-4,0.0017310532,-5.3263176E-4,0.2976382,0.33237264,-9.738818,1657487980041000000
961748542869368,0.0018642112,6.657897E-4,-5.3263176E-4,0.32638395,0.2994348,-9.715462,1657487980045000000
961748545375931,-2.6631588E-4,0.0017310532,-5.3263176E-4,0.2503275,0.280271,-9.677733,1657487980049000000
961748547882493,-0.0013315794,-0.0014647373,5.3263176E-4,0.30302805,0.30901673,-9.681926,1657487980050000000
961748550389056,-0.002396843,-0.0035952644,0.0015978953,0.29344612,0.3371636,-9.686716,1657487980050000000
961748552895618,-2.6631588E-4,-0.0035952644,5.3263176E-4,0.29344612,0.31320882,-9.715462,1657487980059000000
961748555402233,0.0018642112,-3.9947382E-4,5.3263176E-4,0.29344612,0.31320882,-9.715462,1657487980059000000
961748557908796,7.9894764E-4,-3.9947382E-4,0.0015978953,0.26470038,0.31799978,-9.734027,1657487980061000000
961748560415358,-0.0013315794,0.0038615803,0.0015978953,0.31260994,0.31799978,-9.710671,1657487980063000000
961748562921921,-0.0013315794,0.0017310532,0.0015978953,0.28865516,0.32279074,-9.681926,1657487980064000000
961748565428535,7.9894764E-4,-0.0014647373,-5.3263176E-4,0.28865516,0.32279074,-9.681926,1657487980065000000
961748567935098,-2.6631588E-4,6.657897E-4,-0.0015978953,0.28865516,0.3036269,-9.653778,1657487980068000000
961748570441660,-0.002396843,-0.0014647373,5.3263176E-4,0.28865516,0.3036269,-9.653778,1657487980076000000
961748572948223,-2.6631588E-4,0.0027963168,-5.3263176E-4,0.32219186,0.34195456,-9.710671,1657487980078000000
961748575454837,7.9894764E-4,-3.9947382E-4,0.0015978953,0.32698283,0.28925404,-9.762773,1657487980078000000
961748577961400,-0.0013315794,-0.0014647373,-0.0015978953,0.32698283,0.28925404,-9.762773,1657487980082000000
961748580467962,-0.0013315794,6.657897E-4,-5.3263176E-4,0.32698283,0.28925404,-9.762773,1657487980083000000
961748582974525,-0.0055926335,0.0017310532,5.3263176E-4,0.3509376,0.31799978,-9.686716,1657487980083000000
961748585481139,0.0018642112,0.0017310532,5.3263176E-4,0.3317738,0.30841786,-9.719654,1657487980090000000
961748587987702,-2.6631588E-4,-3.9947382E-4,-0.0037284223,0.3317738,0.30841786,-9.719654,1657487980091000000
961748590494264,-2.6631588E-4,-0.0014647373,0.0015978953,0.26949134,0.30841786,-9.762174,1657487980092000000
961748593000827,7.9894764E-4,0.0017310532,0.0015978953,0.3317738,0.35632744,-9.7484,1657487980093000000
961748595507441,-2.6631588E-4,6.657897E-4,3.9947382E-4,0.3317738,0.35632744,-9.7484,1657487980099000000
961748598014004,0.003994738,-3.9947382E-4,0.0014647373,0.31260994,0.3275817,-9.753191,1657487980099000000
961748600520566,-2.6631588E-4,-3.9947382E-4,0.0014647373,0.31260994,0.3275817,-9.753191,1657487980102000000
961748603027129,-0.0013315794,6.657897E-4,3.9947382E-4,0.3174009,0.31320882,-9.743609,1657487980105000000
961748605533743,0.0018642112,-3.9947382E-4,-0.0027963168,0.3174009,0.31320882,-9.743609,1657487980106000000
961748608040306,0.0018642112,-0.0014647373,-6.657897E-4,0.30722013,0.29464385,-9.739417,1657487980108000000
961748610546868,0.0018642112,0.0038615803,-6.657897E-4,0.32638395,0.30901673,-9.734626,1657487980112000000
961748613053431,-2.6631588E-4,-3.9947382E-4,3.9947382E-4,0.32638395,0.30901673,-9.734626,1657487980114000000
961748615560046,-2.6631588E-4,-0.004660528,0.0014647373,0.26889247,0.34255344,-9.687315,1657487980117000000
961748618066608,7.9894764E-4,-3.9947382E-4,0.0014647373,0.26889247,0.34255344,-9.687315,1657487980121000000
961748620573171,7.9894764E-4,6.657897E-4,-0.0017310532,0.29284725,0.3233896,-9.710671,1657487980121000000
961748623079733,-0.0013315794,0.0017310532,-0.0017310532,0.29284725,0.3233896,-9.710671,1657487980124000000
961748625586348,0.0018642112,-3.9947382E-4,-0.0017310532,0.29284725,0.34255344,-9.701089,1657487980129000000
961748628092910,7.9894764E-4,-0.004660528,0.0014647373,0.29284725,0.34255344,-9.701089,1657487980129000000
961748630599473,7.9894764E-4,-3.9947382E-4,0.0025300009,0.30242917,0.27548003,-9.734626,1657487980132000000
961748633106035,7.9894764E-4,-0.0025300009,-6.657897E-4,0.2976382,0.30422577,-9.710671,1657487980134000000
961748635612650,-2.6631588E-4,-0.0014647373,-6.657897E-4,0.2976382,0.29464385,-9.682525,1657487980137000000
961748638119212,7.9894764E-4,0.0017310532,-6.657897E-4,0.2976382,0.29464385,-9.682525,1657487980137000000
961748640625775,0.0018642112,6.657897E-4,-0.0017310532,0.2641015,0.3329715,-9.687315,1657487980142000000
961748643132337,0.0018642112,-3.9947382E-4,-0.0017310532,0.25451958,0.3329715,-9.677733,1657487980146000000
961748645638952,0.0018642112,0.0017310532,0.0025300009,0.28326535,0.3329715,-9.710671,1657487980146000000
961748648145514,7.9894764E-4,-3.9947382E-4,0.0014647373,0.26889247,0.37129918,-9.757982,1657487980150000000
961748650652077,-2.6631588E-4,-3.9947382E-4,0.0025300009,0.28326535,0.33776248,-9.720253,1657487980153000000
961748653158639,-0.002396843,-0.0014647373,0.0014647373,0.2976382,0.27548003,-9.781937,1657487980154000000
961748655665254,7.9894764E-4,-3.9947382E-4,0.0014647373,0.31680202,0.30901673,-9.729835,1657487980156000000
961748658171816,7.9894764E-4,6.657897E-4,3.9947382E-4,0.3120111,0.3138077,-9.710671,1657487980162000000
961748660678379,-0.0013315794,-0.0014647373,-0.0017310532,0.2976382,0.3473444,-9.692106,1657487980162000000
961748663184941,-2.6631588E-4,6.657897E-4,3.9947382E-4,0.2976382,0.3473444,-9.692106,1657487980166000000
961748665691556,-0.002396843,-0.0025300009,3.9947382E-4,0.34075683,0.31859866,-9.720253,1657487980169000000
961748668198118,7.9894764E-4,-0.0025300009,0.0025300009,0.34075683,0.31859866,-9.720253,1657487980173000000
961748670704681,-2.6631588E-4,0.0027963168,-6.657897E-4,0.30722013,0.31859866,-9.777145,1657487980173000000
961748673211243,7.9894764E-4,0.0017310532,-6.657897E-4,0.30722013,0.31859866,-9.777145,1657487980174000000
961748675717858,-2.6631588E-4,0.0017310532,-0.0027963168,0.28326535,0.30901673,-9.744207,1657487980181000000
961748678224421,-0.002396843,6.657897E-4,-6.657897E-4,0.3120111,0.30901673,-9.687315,1657487980181000000
961748680730983,-2.6631588E-4,-3.9947382E-4,-6.657897E-4,0.3120111,0.30901673,-9.687315,1657487980183000000
961748683237546,7.9894764E-4,0.0017310532,0.0014647373,0.28805628,0.33776248,-9.739417,1657487980183000000
961748685744160,7.9894764E-4,6.657897E-4,0.0014647373,0.28326535,0.34255344,-9.720253,1657487980186000000
961748688250723,7.9894764E-4,0.0038615803,3.9947382E-4,0.31680202,0.30901673,-9.710671,1657487980188000000
961748690757285,-2.6631588E-4,0.0017310532,0.0014647373,0.3120111,0.30901673,-9.70588,1657487980191000000
961748693263848,0.0018642112,0.0027963168,0.0014647373,0.3120111,0.30901673,-9.70588,1657487980195000000
961748695770410,7.9894764E-4,-0.0014647373,3.9947382E-4,0.30722013,0.26110715,-9.6968975,1657487980198000000
961748698277025,-0.0013315794,0.0017310532,0.0014647373,0.3120111,0.30422577,-9.672942,1657487980201000000
961748700783587,0.0029294747,0.0017310532,0.0014647373,0.3120111,0.30422577,-9.672942,1657487980203000000
961748703290150,-2.6631588E-4,-3.9947382E-4,0.0014647373,0.31680202,0.36650822,-9.720253,1657487980207000000
961748705796712,-0.0013315794,-0.0014647373,-0.0027963168,0.31680202,0.28985292,-9.672942,1657487980207000000
961748708303327,0.0018642112,6.657897E-4,-0.0027963168,0.3120111,0.30422577,-9.720253,1657487980213000000
961748710809889,-2.6631588E-4,0.0017310532,3.9947382E-4,0.3120111,0.30422577,-9.720253,1657487980213000000
961748713316452,-0.0013315794,-0.0014647373,0.0014647373,0.25451958,0.32818055,-9.6968975,1657487980217000000
961748715823014,-2.6631588E-4,-3.9947382E-4,3.9947382E-4,0.2784744,0.28985292,-9.701089,1657487980221000000
961748718329629,-2.6631588E-4,-3.9947382E-4,3.9947382E-4,0.2784744,0.3138077,-9.687315,1657487980221000000
961748720836191,0.0018642112,0.0027963168,0.0025300009,0.28805628,0.30901673,-9.654377,1657487980222000000
961748723342754,-2.6631588E-4,6.657897E-4,0.0014647373,0.32638395,0.29464385,-9.654377,1657487980223000000
961748725849316,-0.0013315794,6.657897E-4,-6.657897E-4,0.32638395,0.29464385,-9.654377,1657487980228000000
961748728355931,-0.0013315794,6.657897E-4,-6.657897E-4,0.3120111,0.31859866,-9.734626,1657487980231000000
961748730862493,-0.0013315794,-0.0025300009,0.0014647373,0.34075683,0.28985292,-9.682525,1657487980232000000
961748733369056,-0.0013315794,-0.0025300009,0.0025300009,0.2976382,0.3329715,-9.687315,1657487980237000000
961748735875618,-0.002396843,0.0017310532,-0.0027963168,0.2976382,0.3329715,-9.687315,1657487980237000000
961748738382233,-0.0013315794,-3.9947382E-4,-0.0017310532,0.3120111,0.3233896,-9.687315,1657487980238000000
961748740888796,-2.6631588E-4,-0.0025300009,-6.657897E-4,0.3311749,0.30422577,-9.7484,1657487980242000000
961748743395358,-2.6631588E-4,-0.0014647373,-0.0027963168,0.3311749,0.30422577,-9.7484,1657487980247000000
961748745901921,-2.6631588E-4,-0.0025300009,-0.0017310532,0.30242917,0.30901673,-9.70588,1657487980247000000
961748748408535,7.9894764E-4,-3.9947382E-4,-0.0027963168,0.32638395,0.3233896,-9.753191,1657487980252000000
961748750915098,-2.6631588E-4,-0.0014647373,-6.657897E-4,0.32638395,0.3233896,-9.753191,1657487980252000000
961748753421660,-0.002396843,-0.0014647373,0.0025300009,0.3120111,0.28985292,-9.7484,1657487980255000000
961748755928223,7.9894764E-4,-3.9947382E-4,0.0014647373,0.2976382,0.3473444,-9.7484,1657487980256000000
961748758434837,0.0018642112,-3.9947382E-4,-0.0017310532,0.2976382,0.3473444,-9.729835,1657487980260000000
961748760941400,-2.6631588E-4,-0.0014647373,-0.0017310532,0.34075683,0.33776248,-9.753191,1657487980262000000
961748763447962,-2.6631588E-4,-0.0014647373,-0.0017310532,0.30722013,0.25152525,-9.7484,1657487980265000000
961748765954525,0.0029294747,6.657897E-4,-6.657897E-4,0.30722013,0.25152525,-9.7484,1657487980266000000
961748768461139,7.9894764E-4,-3.9947382E-4,3.9947382E-4,0.3311749,0.30422577,-9.7484,1657487980273000000
961748770967702,-0.0013315794,6.657897E-4,3.9947382E-4,0.31680202,0.29464385,-9.743609,1657487980273000000
961748773474264,-2.6631588E-4,-3.9947382E-4,0.0014647373,0.3311749,0.3233896,-9.729835,1657487980278000000
961748775980827,-2.6631588E-4,0.0027963168,0.0014647373,0.30242917,0.25152525,-9.772355,1657487980278000000
961748778487441,-2.6631588E-4,-3.9947382E-4,-6.657897E-4,0.30722013,0.32818055,-9.715462,1657487980280000000
961748780994004,0.0018642112,-0.0014647373,-6.657897E-4,0.30722013,0.32818055,-9.715462,1657487980283000000
961748783500566,-2.6631588E-4,0.0038615803,0.0025300009,0.3311749,0.3233896,-9.677733,1657487980285000000
961748786007129,-2.6631588E-4,-0.0014647373,-6.657897E-4,0.30242917,0.32818055,-9.710671,1657487980289000000
961748788513743,-2.6631588E-4,0.0017310532,3.9947382E-4,0.2976382,0.31859866,-9.687315,1657487980289000000
961748791020306,7.9894764E-4,-0.0014647373,3.9947382E-4,0.2976382,0.31859866,-9.687315,1657487980293000000
961748793526868,-0.0013315794,-3.9947382E-4,0.0014647373,0.24972863,0.30422577,-9.701089,1657487980295000000
961748796033431,-2.6631588E-4,6.657897E-4,-6.657897E-4,0.321593,0.30422577,-9.692106,1657487980302000000
961748798540046,7.9894764E-4,-0.0025300009,0.0014647373,0.32638395,0.3138077,-9.687315,1657487980302000000
961748801046608,-0.0013315794,-3.9947382E-4,-0.0027963168,0.34075683,0.2994348,-9.720253,1657487980303000000
961748803553171,7.9894764E-4,-0.0014647373,-0.0027963168,0.34075683,0.2994348,-9.720253,1657487980305000000
961748806059733,0.0018642112,-3.9947382E-4,-0.0027963168,0.3018303,0.3473444,-9.71127,1657487980306000000
961748808566348,7.9894764E-4,-0.0025300009,3.9947382E-4,0.3018303,0.3473444,-9.71127,1657487980310000000
961748811072910,-0.0034621065,-0.0025300009,-0.0027963168,0.28745744,0.280271,-9.6968975,1657487980313000000
961748813579473,-2.6631588E-4,0.0017310532,3.9947382E-4,0.28745744,0.280271,-9.6968975,1657487980314000000
961748816086035,0.0018642112,6.657897E-4,-6.657897E-4,0.31141222,0.28985292,-9.672942,1657487980321000000
961748818592650,-2.6631588E-4,-3.9947382E-4,-0.0038615803,0.28266647,0.32818055,-9.75379,1657487980322000000
961748821099212,-2.6631588E-4,-3.9947382E-4,0.0014647373,0.3018303,0.25152525,-9.729835,1657487980323000000
961748823605775,-2.6631588E-4,-0.0014647373,0.0014647373,0.335367,0.27068907,-9.734626,1657487980325000000
961748826112337,-0.002396843,-0.0014647373,-6.657897E-4,0.32578507,0.3233896,-9.715462,1657487980326000000
961748828618900,0.0018642112,6.657897E-4,-0.0017310532,0.32578507,0.3233896,-9.715462,1657487980329000000
961748831125514,7.9894764E-4,0.0017310532,5.3263176E-4,0.32099414,0.29464385,-9.796309,1657487980333000000
961748833632077,-2.6631588E-4,-3.9947382E-4,-5.3263176E-4,0.2778755,0.30422577,-9.762773,1657487980333000000
961748836138639,0.0018642112,0.0049268436,0.0015978953,0.2778755,0.30422577,-9.762773,1657487980341000000
961748838645202,7.9894764E-4,6.657897E-4,5.3263176E-4,0.32578507,0.31859866,-9.777145,1657487980342000000
961748841151816,-0.002396843,-3.9947382E-4,-5.3263176E-4,0.32578507,0.31859866,-9.777145,1657487980342000000
961748843658379,-0.0055926335,0.0017310532,5.3263176E-4,0.32578507,0.34255344,-9.739417,1657487980343000000
961748846164993,-0.0034621065,0.0017310532,-0.0015978953,0.34015796,0.30422577,-9.706479,1657487980346000000
961748848671764,-0.0013315794,-0.0035952644,-0.0015978953,0.28266647,0.3473444,-9.772355,1657487980351000000
961748851178587,-0.0013315794,6.657897E-4,-0.0026631588,0.29703933,0.33776248,-9.706479,1657487980352000000
961748853685358,7.9894764E-4,-0.0014647373,-5.3263176E-4,0.28745744,0.3138077,-9.767564,1657487980358000000
961748856192129,7.9894764E-4,6.657897E-4,-5.3263176E-4,0.34015796,0.28985292,-9.729835,1657487980358000000
961748858698952,-2.6631588E-4,6.657897E-4,-5.3263176E-4,0.34494892,0.30901673,-9.725044,1657487980361000000
961748861205723,-0.0034621065,0.0027963168,-0.0015978953,0.31141222,0.32818055,-9.706479,1657487980362000000
961748863712493,-0.002396843,0.0027963168,-0.0015978953,0.29703933,0.3329715,-9.71127,1657487980368000000
961748866219316,7.9894764E-4,-3.9947382E-4,5.3263176E-4,0.31620318,0.28506196,-9.66875,1657487980368000000
961748868726087,-0.002396843,-0.0014647373,0.0015978953,0.31620318,0.28506196,-9.66875,1657487980372000000
961748871232858,-0.0013315794,-0.0025300009,0.0026631588,0.30662125,0.3329715,-9.644795,1657487980373000000
961748873739681,7.9894764E-4,-0.0014647373,-5.3263176E-4,0.30662125,0.3329715,-9.644795,1657487980373000000
961748876246452,-2.6631588E-4,6.657897E-4,5.3263176E-4,0.31620318,0.2994348,-9.739417,1657487980378000000
961748878753223,-0.0013315794,-3.9947382E-4,0.0026631588,0.29224837,0.3473444,-9.66875,1657487980385000000
961748881260046,-0.0013315794,0.0017310532,-0.0015978953,0.32099414,0.33776248,-9.644795,1657487980385000000
961748883766816,-2.6631588E-4,6.657897E-4,-0.0026631588,0.32099414,0.33776248,-9.644795,1657487980385000000
961748886273587,-0.0013315794,6.657897E-4,-0.0026631588,0.29224837,0.3138077,-9.706479,1657487980387000000
961748888780410,7.9894764E-4,-3.9947382E-4,-5.3263176E-4,0.29224837,0.3138077,-9.706479,1657487980390000000
961748891287181,-2.6631588E-4,-0.0014647373,5.3263176E-4,0.3018303,0.3233896,-9.729835,1657487980395000000
961748893793952,-2.6631588E-4,-0.0025300009,-0.0015978953,0.33057603,0.31859866,-9.720253,1657487980395000000
961748896300775,-0.0013315794,-0.0014647373,-0.0026631588,0.31620318,0.31859866,-9.75379,1657487980398000000
961748898807546,7.9894764E-4,0.0017310532,-0.0015978953,0.31620318,0.33776248,-9.725044,1657487980400000000
961748901314316,7.9894764E-4,0.0027963168,0.004793686,0.26350263,0.32818055,-9.71127,1657487980403000000
961748903821139,0.0018642112,-0.0025300009,-5.3263176E-4,0.26350263,0.32818055,-9.71127,1657487980406000000
961748906327910,0.0018642112,-0.0014647373,-5.3263176E-4,0.28745744,0.3473444,-9.729835,1657487980408000000
961748908834681,7.9894764E-4,-3.9947382E-4,-0.0026631588,0.24433881,0.36650822,-9.758581,1657487980410000000
961748911341504,-2.6631588E-4,6.657897E-4,5.3263176E-4,0.3018303,0.36650822,-9.692106,1657487980414000000
961748913848275,-2.6631588E-4,-0.0014647373,-5.3263176E-4,0.27308455,0.30422577,-9.744207,1657487980417000000
961748916355046,7.9894764E-4,0.0017310532,0.0015978953,0.335367,0.3138077,-9.739417,1657487980418000000
961748918861868,-0.002396843,-0.0014647373,-5.3263176E-4,0.30662125,0.31859866,-9.748999,1657487980423000000
961748921368639,-2.6631588E-4,6.657897E-4,-0.0015978953,0.2778755,0.29464385,-9.716061,1657487980423000000
961748923875410,7.9894764E-4,-3.9947382E-4,5.3263176E-4,0.2778755,0.280271,-9.772355,1657487980424000000
961748926382233,-0.002396843,0.0017310532,5.3263176E-4,0.2778755,0.280271,-9.772355,1657487980427000000
961748928889004,7.9894764E-4,-3.9947382E-4,-0.0026631588,0.29703933,0.32818055,-9.71127,1657487980430000000
961748931395775,7.9894764E-4,-3.9947382E-4,-0.0015978953,0.28266647,0.31859866,-9.725044,1657487980432000000
961748933902598,-0.0013315794,0.0038615803,-0.0015978953,0.29224837,0.34255344,-9.720253,1657487980438000000
961748936409368,7.9894764E-4,-3.9947382E-4,5.3263176E-4,0.29224837,0.34255344,-9.720253,1657487980438000000
961748938916139,0.0018642112,-0.0057257917,0.0015978953,0.31141222,0.29464385,-9.687315,1657487980443000000
961748941422962,0.0018642112,-3.9947382E-4,-0.0015978953,0.31141222,0.29464385,-9.687315,1657487980444000000
961748943929733,0.0018642112,0.0017310532,5.3263176E-4,0.32099414,0.3329715,-9.682525,1657487980445000000
961748946436504,-0.002396843,-0.0014647373,-0.0015978953,0.27308455,0.36650822,-9.706479,1657487980450000000
961748948943327,-0.002396843,-0.0014647373,5.3263176E-4,0.28745744,0.3233896,-9.71127,1657487980450000000
961748951450098,0.0018642112,-3.9947382E-4,0.0015978953,0.29224837,0.29464385,-9.673541,1657487980453000000
961748953956868,7.9894764E-4,-0.0025300009,5.3263176E-4,0.3018303,0.30901673,-9.673541,1657487980456000000
961748956463691,-0.0034621065,6.657897E-4,-0.0026631588,0.3018303,0.30901673,-9.673541,1657487980457000000
961748958970462,7.9894764E-4,0.0017310532,0.0015978953,0.31141222,0.31859866,-9.706479,1657487980462000000
961748961477233,-0.0013315794,6.657897E-4,0.0026631588,0.32578507,0.30422577,-9.701688,1657487980463000000
961748963984056,-0.002396843,0.0027963168,-0.0026631588,0.3545308,0.33776248,-9.75379,1657487980465000000
961748966490827,-2.6631588E-4,6.657897E-4,-5.3263176E-4,0.27308455,0.3138077,-9.744207,1657487980469000000
961748968997598,-2.6631588E-4,-0.0014647373,-5.3263176E-4,0.27308455,0.3138077,-9.744207,1657487980470000000
961748971504421,-0.002396843,6.657897E-4,0.0026631588,0.31620318,0.34255344,-9.781937,1657487980479000000
961748974011191,-2.6631588E-4,-0.0014647373,0.0026631588,0.31620318,0.34255344,-9.781937,1657487980479000000
961748976517962,7.9894764E-4,-0.0035952644,5.3263176E-4,0.29703933,0.28985292,-9.720852,1657487980479000000
961748979024785,-2.6631588E-4,-0.0014647373,0.0015978953,0.3018303,0.28985292,-9.734626,1657487980483000000
961748981531556,-2.6631588E-4,-0.0025300009,5.3263176E-4,0.3545308,0.2994348,-9.763371,1657487980483000000
961748984038327,-0.0013315794,6.657897E-4,-0.0015978953,0.30662125,0.280271,-9.777145,1657487980487000000
961748986545098,-0.0013315794,6.657897E-4,5.3263176E-4,0.28745744,0.29464385,-9.720852,1657487980487000000
961748989051921,0.0029294747,-0.0035952644,5.3263176E-4,0.31620318,0.33776248,-9.734626,1657487980492000000
961748991558691,7.9894764E-4,-0.0025300009,0.0026631588,0.335367,0.3233896,-9.796309,1657487980496000000
961748994065462,0.0018642112,-3.9947382E-4,0.0026631588,0.34973988,0.30901673,-9.763371,1657487980498000000
961748996572285,-2.6631588E-4,6.657897E-4,5.3263176E-4,0.3018303,0.37129918,-9.777145,1657487980499000000
961748999079056,-2.6631588E-4,6.657897E-4,-5.3263176E-4,0.32099414,0.35213536,-9.716061,1657487980502000000
961749001585827,0.0018642112,-0.0025300009,-5.3263176E-4,0.32099414,0.35213536,-9.716061,1657487980502000000
961749004092650,-2.6631588E-4,-0.004660528,-5.3263176E-4,0.29703933,0.3138077,-9.706479,1657487980504000000
961749006599421,7.9894764E-4,6.657897E-4,-0.0017310532,0.29703933,0.3329715,-9.692106,1657487980507000000
961749009106191,0.0029294747,0.0027963168,3.9947382E-4,0.29703933,0.3329715,-9.692106,1657487980511000000
961749011613014,-0.002396843,6.657897E-4,-6.657897E-4,0.32578507,0.30422577,-9.706479,1657487980511000000
961749014119785,-0.0013315794,-3.9947382E-4,3.9947382E-4,0.31141222,0.30422577,-9.659168,1657487980514000000
961749016626556,0.003994738,-0.0035952644,0.0014647373,0.31141222,0.30422577,-9.659168,1657487980518000000
961749019133379,0.0018642112,-3.9947382E-4,3.9947382E-4,0.29703933,0.29464385,-9.659168,1657487980521000000
961749021640150,-0.002396843,-3.9947382E-4,0.0014647373,0.32578507,0.32818055,-9.710671,1657487980523000000
961749024146921,7.9894764E-4,0.0017310532,3.9947382E-4,0.32578507,0.32818055,-9.710671,1657487980524000000
961749026653743,7.9894764E-4,0.0027963168,3.9947382E-4,0.335367,0.31859866,-9.701688,1657487980528000000
961749029160514,-0.0013315794,-3.9947382E-4,0.0014647373,0.31141222,0.3138077,-9.715462,1657487980531000000
961749031667285,-0.0013315794,0.0027963168,3.9947382E-4,0.3018303,0.35213536,-9.762773,1657487980536000000
961749034174108,7.9894764E-4,-0.0025300009,3.9947382E-4,0.3018303,0.35213536,-9.762773,1657487980536000000
961749036680879,0.0018642112,-0.0057257917,3.9947382E-4,0.31620318,0.2658981,-9.692106,1657487980539000000
961749039187650,0.0018642112,-0.0025300009,-0.0027963168,0.28266647,0.3473444,-9.748999,1657487980541000000
961749041694473,-0.0013315794,-0.0014647373,-0.0027963168,0.28266647,0.3473444,-9.748999,1657487980543000000
961749044201243,7.9894764E-4,-3.9947382E-4,-0.0027963168,0.31141222,0.27548003,-9.753191,1657487980548000000
961749046708014,7.9894764E-4,-0.0014647373,-0.0017310532,0.31620318,0.31859866,-9.701688,1657487980548000000
961749049214837,-0.0013315794,0.0017310532,-6.657897E-4,0.31620318,0.31859866,-9.701688,1657487980551000000
961749051721608,-2.6631588E-4,0.0017310532,-0.0017310532,0.32099414,0.32818055,-9.706479,1657487980553000000
961749054228379,-0.0034621065,-0.0014647373,-0.0017310532,0.28266647,0.3138077,-9.701688,1657487980555000000
961749056735202,-0.002396843,0.0017310532,-0.0027963168,0.29224837,0.34255344,-9.772355,1657487980558000000
961749059241973,-2.6631588E-4,6.657897E-4,0.0014647373,0.31141222,0.3473444,-9.720253,1657487980563000000
961749061748743,0.0018642112,0.0049268436,3.9947382E-4,0.31141222,0.3473444,-9.720253,1657487980563000000
961749064255566,-2.6631588E-4,0.0017310532,-0.0017310532,0.28266647,0.27548003,-9.781937,1657487980568000000
961749066762337,-2.6631588E-4,6.657897E-4,3.9947382E-4,0.30662125,0.31859866,-9.791518,1657487980570000000
961749069269108,-2.6631588E-4,0.0017310532,0.0035952644,0.32578507,0.2658981,-9.677733,1657487980570000000
961749071775931,-0.0013315794,-3.9947382E-4,0.0014647373,0.31141222,0.29464385,-9.692106,1657487980577000000
961749074282702,-2.6631588E-4,-0.0025300009,0.0014647373,0.31620318,0.34255344,-9.701688,1657487980577000000
961749076789473,-0.0013315794,-0.0014647373,0.0014647373,0.3018303,0.27548003,-9.692106,1657487980580000000
961749079296296,-2.6631588E-4,0.0017310532,0.0035952644,0.3018303,0.27548003,-9.692106,1657487980580000000
961749081803066,-2.6631588E-4,-3.9947382E-4,3.9947382E-4,0.34973988,0.3233896,-9.715462,1657487980582000000
961749084309837,-2.6631588E-4,-3.9947382E-4,0.0025300009,0.34973988,0.3233896,-9.715462,1657487980585000000
961749086816660,7.9894764E-4,6.657897E-4,3.9947382E-4,0.34973988,0.3233896,-9.715462,1657487980588000000
961749089323431,-2.6631588E-4,6.657897E-4,0.0014647373,0.34973988,0.30422577,-9.672942,1657487980597000000
961749091830202,-0.0013315794,0.0017310532,-6.657897E-4,0.34015796,0.28506196,-9.6968975,1657487980597000000
961749094337025,-2.6631588E-4,-0.0014647373,3.9947382E-4,0.34015796,0.28506196,-9.6968975,1657487980597000000
961749096843796,0.003994738,0.0017310532,-6.657897E-4,0.29703933,0.30422577,-9.777145,1657487980600000000
961749099350566,0.0029294747,0.0038615803,0.0025300009,0.29703933,0.30422577,-9.777145,1657487980600000000
961749101857389,-0.0034621065,-0.0014647373,3.9947382E-4,0.30662125,0.3138077,-9.710671,1657487980607000000
961749104364160,-2.6631588E-4,6.657897E-4,3.9947382E-4,0.30662125,0.3138077,-9.710671,1657487980607000000
961749106870931,7.9894764E-4,-0.0014647373,0.004660528,0.31620318,0.3138077,-9.739417,1657487980610000000
961749109377754,-0.0013315794,-3.9947382E-4,0.0025300009,0.31141222,0.2994348,-9.668152,1657487980618000000
961749111884525,-2.6631588E-4,-3.9947382E-4,-6.657897E-4,0.335367,0.31859866,-9.659168,1657487980618000000
961749114391296,7.9894764E-4,-0.0014647373,3.9947382E-4,0.32578507,0.2994348,-9.677733,1657487980618000000
961749116898118,-0.0013315794,0.0017310532,-6.657897E-4,0.3018303,0.3329715,-9.725044,1657487980618000000
961749119404889,-0.002396843,-3.9947382E-4,-6.657897E-4,0.26350263,0.3808811,-9.734626,1657487980620000000
961749121911660,0.0029294747,0.0017310532,3.9947382E-4,0.26350263,0.3808811,-9.734626,1657487980622000000
961749124418431,7.9894764E-4,0.0027963168,3.9947382E-4,0.29703933,0.27548003,-9.734626,1657487980626000000
961749126925254,-2.6631588E-4,0.0017310532,-6.657897E-4,0.29703933,0.27548003,-9.734626,1657487980631000000
961749129432025,-2.6631588E-4,0.0027963168,0.0014647373,0.32099414,0.32818055,-9.6968975,1657487980633000000
961749131938796,-0.0034621065,0.005992107,3.9947382E-4,0.30662125,0.22757046,-9.734626,1657487980633000000
961749134445618,7.9894764E-4,0.0027963168,-0.0038615803,0.30662125,0.3329715,-9.706479,1657487980638000000
961749136952389,-2.6631588E-4,-0.0014647373,-0.0017310532,0.3018303,0.280271,-9.720253,1657487980639000000
961749139459160,-0.002396843,-0.0014647373,0.0014647373,0.30662125,0.3233896,-9.744207,1657487980642000000
961749141965983,-0.0013315794,-0.006791055,-6.657897E-4,0.32099414,0.3569263,-9.715462,1657487980643000000
961749144472754,-0.0013315794,-3.9947382E-4,-6.657897E-4,0.32099414,0.3569263,-9.715462,1657487980646000000
961749146979525,-2.6631588E-4,-0.0014647373,0.0014647373,0.32578507,0.3473444,-9.715462,1657487980648000000
961749149486348,7.9894764E-4,-0.0025300009,3.9947382E-4,0.3018303,0.30901673,-9.6639595,1657487980652000000
961749151993118,-2.6631588E-4,0.0017310532,-0.0017310532,0.3018303,0.30901673,-9.6639595,1657487980656000000
961749154499889,-2.6631588E-4,0.0017310532,-6.657897E-4,0.3018303,0.3233896,-9.744207,1657487980658000000
961749157006712,-0.002396843,-3.9947382E-4,3.9947382E-4,0.33057603,0.3329715,-9.729835,1657487980658000000
961749159513483,-0.002396843,6.657897E-4,-6.657897E-4,0.35932177,0.3233896,-9.706479,1657487980661000000
961749162020254,0.0018642112,6.657897E-4,3.9947382E-4,0.32099414,0.28985292,-9.710671,1657487980665000000
961749164527077,0.0018642112,-0.0014647373,0.0014647373,0.32099414,0.28985292,-9.710671,1657487980665000000
961749167033848,-0.002396843,-0.0014647373,-6.657897E-4,0.30662125,0.30901673,-9.739417,1657487980667000000
961749169540618,0.0018642112,0.0049268436,0.0014647373,0.28745744,0.30901673,-9.6968975,1657487980671000000
961749172047441,0.0018642112,-3.9947382E-4,-6.657897E-4,0.29703933,0.34255344,-9.715462,1657487980674000000
961749174554212,0.0018642112,-0.0014647373,-6.657897E-4,0.2682936,0.30901673,-9.748999,1657487980677000000
961749177060983,7.9894764E-4,6.657897E-4,3.9947382E-4,0.29224837,0.280271,-9.710671,1657487980678000000
961749179567806,-0.0013315794,6.657897E-4,0.0014647373,0.29224837,0.280271,-9.710671,1657487980684000000
961749182074577,7.9894764E-4,-3.9947382E-4,-0.0017310532,0.3018303,0.26110715,-9.739417,1657487980688000000
961749184581348,-2.6631588E-4,-0.0025300009,-6.657897E-4,0.31141222,0.2994348,-9.744207,1657487980688000000
961749187088171,-0.0013315794,-3.9947382E-4,3.9947382E-4,0.29703933,0.30422577,-9.748999,1657487980690000000
961749189594941,0.003994738,-0.0035952644,0.0014647373,0.31141222,0.30422577,-9.720253,1657487980690000000
961749192101712,0.003994738,-3.9947382E-4,-6.657897E-4,0.32099414,0.29464385,-9.734626,1657487980695000000
961749194608535,-0.002396843,0.0017310532,-6.657897E-4,0.3018303,0.33776248,-9.734626,1657487980700000000
961749197115306,-0.0013315794,0.0038615803,0.0014647373,0.31620318,0.3233896,-9.706479,1657487980701000000
961749199622077,7.9894764E-4,6.657897E-4,-6.657897E-4,0.28745744,0.34255344,-9.739417,1657487980702000000
961749202128900,7.9894764E-4,0.0027963168,-0.0017310532,0.28745744,0.34255344,-9.739417,1657487980704000000
961749204635671,7.9894764E-4,-0.0014647373,0.0025300009,0.28745744,0.3329715,-9.710671,1657487980707000000
961749207142441,-2.6631588E-4,6.657897E-4,0.0015978953,0.29703933,0.3233896,-9.757982,1657487980708000000
961749209649264,7.9894764E-4,0.0017310532,-5.3263176E-4,0.3018303,0.29464385,-9.706479,1657487980709000000
961749212156035,7.9894764E-4,6.657897E-4,-5.3263176E-4,0.3018303,0.29464385,-9.706479,1657487980712000000
961749214662806,-2.6631588E-4,6.657897E-4,-5.3263176E-4,0.31141222,0.3473444,-9.720253,1657487980717000000
961749217169629,-2.6631588E-4,6.657897E-4,5.3263176E-4,0.31620318,0.35213536,-9.692106,1657487980717000000
961749219676400,-2.6631588E-4,-3.9947382E-4,0.0015978953,0.31620318,0.35213536,-9.692106,1657487980721000000
961749222183171,7.9894764E-4,-0.0014647373,5.3263176E-4,0.28266647,0.3233896,-9.715462,1657487980722000000
961749224689993,0.0018642112,0.0017310532,5.3263176E-4,0.29703933,0.30422577,-9.687315,1657487980728000000
961749227196764,7.9894764E-4,-0.0025300009,0.0015978953,0.27308455,0.30901673,-9.692106,1657487980730000000
961749229703535,-0.0013315794,-0.0025300009,0.0015978953,0.29703933,0.31859866,-9.687315,1657487980734000000
961749232210358,-0.002396843,0.0017310532,5.3263176E-4,0.31141222,0.31859866,-9.715462,1657487980737000000
961749234717129,-0.0013315794,0.0017310532,-0.0037284223,0.31141222,0.31859866,-9.715462,1657487980737000000
961749237223900,-0.0013315794,-3.9947382E-4,-5.3263176E-4,0.34015796,0.27068907,-9.720253,1657487980737000000
961749239730723,-2.6631588E-4,-0.0025300009,-0.0015978953,0.30662125,0.280271,-9.748999,1657487980743000000
961749242237493,0.0018642112,6.657897E-4,-0.0015978953,0.30662125,0.280271,-9.748999,1657487980743000000
961749244744264,7.9894764E-4,0.0027963168,0.0015978953,0.29703933,0.3233896,-9.734626,1657487980746000000
961749247251087,0.0018642112,-3.9947382E-4,0.0015978953,0.2682936,0.28985292,-9.758581,1657487980747000000
961749249757858,7.9894764E-4,-3.9947382E-4,0.0015978953,0.31141222,0.30422577,-9.762773,1657487980756000000
961749252264629,-2.6631588E-4,0.0027963168,-5.3263176E-4,0.28745744,0.28985292,-9.574129,1657487980756000000
961749254771452,7.9894764E-4,-0.0014647373,0.0026631588,0.3018303,0.2994348,-9.739417,1657487980758000000
961749257278223,-2.6631588E-4,-3.9947382E-4,-0.0015978953,0.34973988,0.28506196,-9.881349,1657487980758000000
961749259784993,-2.6631588E-4,6.657897E-4,5.3263176E-4,0.34973988,0.28506196,-9.881349,1657487980763000000
961749262291764,-0.002396843,6.657897E-4,5.3263176E-4,0.27308455,0.33776248,-9.559756,1657487980763000000
961749264798587,0.0029294747,-0.0025300009,5.3263176E-4,0.27308455,0.33776248,-9.559756,1657487980767000000
961749267305358,-2.6631588E-4,-0.0014647373,0.0026631588,0.34015796,0.32818055,-9.871767,1657487980767000000
961749269812129,-0.0013315794,0.0070573706,-5.3263176E-4,0.3545308,0.3329715,-9.550174,1657487980772000000
961749272318952,-0.002396843,-3.9947382E-4,-0.0015978953,0.3545308,0.3329715,-9.550174,1657487980772000000
961749274825723,-0.0013315794,-0.0025300009,0.0026631588,0.2587117,0.3233896,-9.720253,1657487980780000000
961749277332493,7.9894764E-4,-3.9947382E-4,5.3263176E-4,0.29703933,0.3329715,-9.928659,1657487980780000000
961749279839316,-0.0013315794,0.0038615803,-5.3263176E-4,0.29703933,0.3329715,-9.928659,1657487980780000000
961749282346087,0.0018642112,6.657897E-4,0.0015978953,0.2778755,0.2994348,-9.502863,1657487980783000000
961749284852858,0.0018642112,6.657897E-4,-0.0037284223,0.2587117,0.28985292,-9.62623,1657487980785000000
961749287359681,-2.6631588E-4,6.657897E-4,-5.3263176E-4,0.33057603,0.3473444,-10.136467,1657487980788000000
961749289866452,-0.0013315794,0.0017310532,-5.3263176E-4,0.33057603,0.3473444,-10.136467,1657487980792000000
961749292373223,-0.0034621065,6.657897E-4,-5.3263176E-4,0.33057603,0.3138077,-9.53161,1657487980793000000
961749294880046,-0.0013315794,0.0027963168,-5.3263176E-4,0.23954785,0.28506196,-9.574129,1657487980798000000
961749297386816,0.0018642112,-0.006791055,-5.3263176E-4,0.33057603,0.2994348,-10.264027,1657487980800000000
961749299893587,-2.6631588E-4,-3.9947382E-4,-5.3263176E-4,0.34973988,0.30422577,-9.6639595,1657487980800000000
961749302400410,-0.0013315794,0.0038615803,-0.0027963168,0.2641015,0.34255344,-9.522027,1657487980805000000
961749304907181,-2.6631588E-4,0.0027963168,-0.0027963168,0.2641015,0.34255344,-9.522027,1657487980808000000
961749307413952,-2.6631588E-4,-0.0035952644,-6.657897E-4,0.28805628,0.3233896,-10.372422,1657487980808000000
961749309920775,-0.00452737,0.0038615803,0.004660528,0.34015796,0.3138077,-9.611857,1657487980812000000
961749312427546,-0.0034621065,0.0070573706,0.0014647373,0.36411273,0.29464385,-9.432197,1657487980816000000
961749314934212,-2.6631588E-4,0.0017310532,-0.0038615803,0.36411273,0.29464385,-9.432197,1657487980816000000
961749317440931,7.9894764E-4,-0.006791055,-0.0017310532,0.30242917,0.24673429,-9.493281,1657487980820000000
961749319947598,-0.0034621065,6.657897E-4,3.9947382E-4,0.335367,0.35213536,-9.620841,1657487980821000000
961749322454316,-0.002396843,0.0017310532,-6.657897E-4,0.335367,0.35213536,-9.620841,1657487980824000000
961749324960983,-2.6631588E-4,-0.0025300009,0.0025300009,0.27368343,0.3233896,-9.408242,1657487980827000000
961749327467702,-2.6631588E-4,-0.0035952644,0.0014647373,0.27368343,0.3233896,-9.408242,1657487980829000000
961749329974368,-0.0013315794,0.0038615803,3.9947382E-4,0.30722013,0.35213536,-9.720253,1657487980831000000
961749332481087,-0.002396843,0.0017310532,-6.657897E-4,0.35932177,0.32818055,-9.540592,1657487980835000000
961749334987754,-0.0013315794,-0.0014647373,-0.0017310532,0.35932177,0.32818055,-9.540592,1657487980837000000
961749337494473,0.0029294747,-0.006791055,-0.0017310532,0.24493769,0.28506196,-10.174196,1657487980838000000
961749340001139,7.9894764E-4,0.0027963168,0.0014647373,0.24493769,0.28506196,-10.174196,1657487980841000000
961749342507858,-0.0034621065,0.005992107,0.004660528,0.36411273,0.3138077,-9.620841,1657487980846000000
961749345014525,-0.0013315794,-3.9947382E-4,3.9947382E-4,0.3120111,0.3329715,-9.072875,1657487980847000000
961749347521243,0.0029294747,-0.007856319,-6.657897E-4,0.3120111,0.3329715,-9.072875,1657487980849000000
961749350027910,-2.6631588E-4,-0.0025300009,-0.0017310532,0.3120111,0.33776248,-10.211925,1657487980852000000
961749352534629,-0.0013315794,6.657897E-4,3.9947382E-4,0.3880675,0.34255344,-9.535801,1657487980854000000
961749355041296,7.9894764E-4,-3.9947382E-4,-6.657897E-4,0.3880675,0.34255344,-9.535801,1657487980854000000
961749357548014,0.0029294747,-0.0014647373,3.9947382E-4,0.25451958,0.34255344,-10.004117,1657487980859000000
961749360054681,-0.0013315794,-0.0014647373,3.9947382E-4,0.32099414,0.3329715,-10.282592,1657487980861000000
961749362561400,-0.0013315794,0.0017310532,3.9947382E-4,0.32099414,0.3329715,-10.282592,1657487980865000000
961749365068066,-0.0034621065,0.0017310532,-0.0017310532,0.31620318,0.3569263,-9.058502,1657487980866000000
961749367574785,0.0029294747,-0.0057257917,-0.0017310532,0.20181906,0.3473444,-10.329903,1657487980867000000
961749370081452,-2.6631588E-4,-0.004660528,3.9947382E-4,0.20181906,0.3473444,-10.329903,1657487980873000000
961749372588171,-0.0013315794,0.0017310532,3.9947382E-4,0.20181906,0.3473444,-10.329903,1657487980876000000
961749375094837,-0.0034621065,0.0038615803,-6.657897E-4,0.34494892,0.3473444,-9.233372,1657487980876000000
961749377601556,-2.6631588E-4,-0.0014647373,-0.0017310532,0.28326535,0.3473444,-9.7484,1657487980880000000
961749380108223,0.0029294747,-0.006791055,0.0014647373,0.28326535,0.3473444,-9.7484,1657487980880000000
961749382614941,0.0018642112,0.0017310532,0.0025300009,0.25931054,0.28506196,-10.112513,1657487980885000000
961749385121608,7.9894764E-4,0.0017310532,-6.657897E-4,0.3689037,0.3329715,-9.327993,1657487980886000000
961749387628327,0.0029294747,-0.0035952644,0.0035952644,0.28805628,0.36171725,-9.654377,1657487980889000000
961749390134993,7.9894764E-4,-0.0014647373,0.0025300009,0.28805628,0.3233896,-10.093947,1657487980891000000
961749392641712,-0.0034621065,0.0017310532,0.0014647373,0.30722013,0.27068907,-9.97058,1657487980893000000
961749395148379,-0.0055926335,0.0070573706,3.9947382E-4,0.30722013,0.27068907,-9.97058,1657487980900000000
961749397655098,-2.6631588E-4,0.0027963168,-0.0027963168,0.29284725,0.3808811,-9.507654,1657487980902000000
961749400161764,7.9894764E-4,-3.9947382E-4,3.9947382E-4,0.25931054,0.31859866,-10.027473,1657487980904000000
961749402668483,-0.0055926335,-0.0014647373,0.0025300009,0.33057603,0.3233896,-10.032264,1657487980907000000
961749405175150,-0.00452737,0.0027963168,0.0035952644,0.33057603,0.3233896,-10.032264,1657487980912000000
961749407681868,7.9894764E-4,6.657897E-4,0.0014647373,0.3545308,0.3233896,-9.422615,1657487980913000000
961749410188535,0.0029294747,-0.0014647373,-0.0017310532,0.30722013,0.31859866,-9.413033,1657487980913000000
961749412695254,-2.6631588E-4,-3.9947382E-4,-0.0017310532,0.28326535,0.3233896,-10.060411,1657487980913000000
961749415201921,-0.0013315794,0.0038615803,3.9947382E-4,0.34015796,0.32818055,-9.445971,1657487980916000000
961749417708639,0.0029294747,6.657897E-4,-0.0017310532,0.34015796,0.32818055,-9.445971,1657487980918000000
961749420215306,0.0029294747,-0.0025300009,-6.657897E-4,0.30722013,0.36171725,-9.332785,1657487980924000000
961749422722025,-0.002396843,-0.0025300009,-6.657897E-4,0.24493769,0.3329715,-9.932852,1657487980924000000
961749425228691,-2.6631588E-4,0.0049268436,0.0014647373,0.36411273,0.2994348,-9.512445,1657487980928000000
961749427735410,7.9894764E-4,-3.9947382E-4,0.0014647373,0.35932177,0.30422577,-9.360931,1657487980929000000
961749430242129,0.0018642112,-0.0025300009,0.0025300009,0.35932177,0.30422577,-9.360931,1657487980933000000
961749432748796,-0.002396843,-0.0014647373,3.9947382E-4,0.30722013,0.2994348,-9.932852,1657487980935000000
961749435255514,-2.6631588E-4,0.0038615803,-0.0017310532,0.32099414,0.27548003,-9.57353,1657487980941000000
961749437762181,7.9894764E-4,-3.9947382E-4,-0.0027963168,0.33057603,0.31859866,-9.39866,1657487980941000000
961749440268900,0.0029294747,-0.004660528,-0.0017310532,0.28326535,0.35213536,-9.909496,1657487980944000000
961749442775566,-0.0013315794,-0.0025300009,3.9947382E-4,0.28326535,0.35213536,-9.909496,1657487980944000000
961749445282285,-0.0034621065,0.0027963168,-0.0017310532,0.3545308,0.2994348,-9.569338,1657487980947000000
961749447788952,7.9894764E-4,0.0027963168,3.9947382E-4,0.3545308,0.2994348,-9.569338,1657487980953000000
961749450295671,0.0018642112,-0.0014647373,0.0014647373,0.20661002,0.390463,-9.885541,1657487980955000000
961749452802337,-2.6631588E-4,-0.0035952644,3.9947382E-4,0.26889247,0.30422577,-10.051428,1657487980955000000
961749455309056,-2.6631588E-4,6.657897E-4,0.0014647373,0.26889247,0.30422577,-10.051428,1657487980956000000
961749457815723,-2.6631588E-4,-3.9947382E-4,-0.0017310532,0.37848562,0.3233896,-9.625631,1657487980958000000
961749460322441,7.9894764E-4,6.657897E-4,-0.0017310532,0.2641015,0.30901673,-9.739417,1657487980962000000
961749462829108,7.9894764E-4,-3.9947382E-4,-0.0027963168,0.2641015,0.30901673,-9.739417,1657487980963000000
961749465335827,-0.002396843,-3.9947382E-4,-0.0017310532,0.32578507,0.31859866,-9.460343,1657487980965000000
961749467842493,-0.0013315794,-0.0025300009,-0.0038615803,0.34973988,0.2994348,-9.531011,1657487980970000000
961749470349212,-2.6631588E-4,-0.0025300009,3.9947382E-4,0.2305648,0.33776248,-9.682525,1657487980975000000
961749472855879,7.9894764E-4,-0.0035952644,0.0014647373,0.25931054,0.35213536,-10.202343,1657487980976000000
961749475362598,7.9894764E-4,0.0038615803,0.0025300009,0.25931054,0.35213536,-10.202343,1657487980978000000
961749477869264,-2.6631588E-4,0.0027963168,0.0035952644,0.2976382,0.29464385,-9.602276,1657487980978000000
961749480375983,0.0029294747,-0.004660528,3.9947382E-4,0.25931054,0.34255344,-9.687315,1657487980980000000
961749482882650,7.9894764E-4,-0.004660528,-0.0017310532,0.30242917,0.36171725,-10.372422,1657487980984000000
961749485389368,-0.0034621065,-3.9947382E-4,0.0025300009,0.33057603,0.2994348,-9.247745,1657487980987000000
961749487896035,-2.6631588E-4,6.657897E-4,0.0025300009,0.35932177,0.21798855,-9.592694,1657487980988000000
961749490402754,-0.0013315794,-0.0025300009,-0.0017310532,0.2641015,0.30901673,-9.7484,1657487980995000000
961749492909421,-0.0013315794,-3.9947382E-4,-0.0017310532,0.27368343,0.42879066,-10.339484,1657487980996000000
961749495416139,-0.002396843,0.0027963168,0.0014647373,0.32099414,0.31859866,-9.233372,1657487980997000000
961749497922806,0.0018642112,-3.9947382E-4,-6.657897E-4,0.335367,0.2563162,-9.484299,1657487980999000000
961749500429525,0.0050600017,-0.0035952644,3.9947382E-4,0.335367,0.2563162,-9.484299,1657487981003000000
961749502936191,-0.0013315794,-0.0014647373,-6.657897E-4,0.34494892,0.32818055,-9.304638,1657487981007000000
961749505442910,-0.002396843,0.005992107,3.9947382E-4,0.34494892,0.32818055,-9.304638,1657487981008000000
961749507949577,0.0018642112,-3.9947382E-4,0.0015978953,0.34494892,0.32818055,-9.304638,1657487981009000000
961749510456296,7.9894764E-4,-0.0057257917,5.3263176E-4,0.2682936,0.3138077,-9.75379,1657487981012000000
961749512962962,-0.0013315794,-0.0014647373,-0.0026631588,0.3545308,0.3473444,-9.247745,1657487981016000000
961749515469681,-0.002396843,0.0049268436,-0.0015978953,0.3545308,0.3473444,-9.247745,1657487981016000000
961749517976348,-2.6631588E-4,6.657897E-4,5.3263176E-4,0.3545308,0.3473444,-9.247745,1657487981021000000
961749520483066,-2.6631588E-4,-0.006791055,5.3263176E-4,0.24433881,0.30422577,-9.866976,1657487981021000000
961749522989733,-2.6631588E-4,-0.0025300009,-5.3263176E-4,0.31620318,0.3329715,-10.410749,1657487981030000000
961749525496452,-0.002396843,0.0027963168,0.0015978953,0.34973988,0.34255344,-9.427405,1657487981030000000
961749528003118,-0.0013315794,0.0017310532,-5.3263176E-4,0.34973988,0.280271,-9.129767,1657487981033000000
961749530509837,0.0029294747,-0.008921582,-0.0015978953,0.34973988,0.280271,-9.129767,1657487981033000000
961749533016504,0.0018642112,-3.9947382E-4,5.3263176E-4,0.23954785,0.28985292,-9.853202,1657487981034000000
961749535523223,-0.002396843,0.005992107,5.3263176E-4,0.34015796,0.3569263,-9.569338,1657487981039000000
961749538029889,-0.0013315794,-3.9947382E-4,-0.0026631588,0.34015796,0.3569263,-9.569338,1657487981041000000
961749540536608,0.0018642112,-0.0025300009,-0.0015978953,0.27308455,0.28506196,-9.786728,1657487981046000000
961749543043275,7.9894764E-4,-3.9947382E-4,-5.3263176E-4,0.26350263,0.28506196,-10.462852,1657487981046000000
961749545549993,-0.00452737,0.005992107,-5.3263176E-4,0.32578507,0.3569263,-9.744207,1657487981047000000
961749548056660,-0.002396843,0.0027963168,5.3263176E-4,0.32578507,0.3569263,-9.744207,1657487981050000000
961749550563379,-2.6631588E-4,-0.007856319,5.3263176E-4,0.31141222,0.30422577,-9.716061,1657487981053000000
961749553070098,0.0050600017,-0.004660528,0.0015978953,0.23954785,0.31859866,-10.391586,1657487981053000000
961749555576764,-0.0013315794,0.0049268436,0.0015978953,0.32518622,0.30422577,-9.772355,1657487981057000000
961749558083483,-0.002396843,0.0038615803,0.0015978953,0.35872293,0.33776248,-9.021372,1657487981063000000
961749560590150,7.9894764E-4,-0.0025300009,5.3263176E-4,0.3018303,0.28985292,-9.692106,1657487981064000000
961749563096868,0.0018642112,-0.0025300009,0.0015978953,0.36351386,0.29464385,-9.781937,1657487981064000000
961749565603535,-0.0013315794,-3.9947382E-4,0.0015978953,0.36351386,0.29464385,-9.781937,1657487981066000000
961749568110254,-0.0013315794,0.0049268436,-0.0026631588,0.40184152,0.3138077,-9.026163,1657487981070000000
961749570616921,-0.0013315794,-0.0014647373,-0.0015978953,0.3012314,0.37129918,-9.692106,1657487981071000000
961749573123639,7.9894764E-4,-0.0025300009,-5.3263176E-4,0.3012314,0.37129918,-9.692106,1657487981080000000
961749575630306,7.9894764E-4,0.005992107,5.3263176E-4,0.3012314,0.2994348,-9.876558,1657487981080000000
961749578137025,-0.0013315794,0.0027963168,5.3263176E-4,0.33955908,0.30422577,-9.063892,1657487981081000000
961749580643691,0.0018642112,-0.006791055,0.0015978953,0.33476812,0.3329715,-9.616649,1657487981085000000
961749583150410,0.0018642112,-0.007856319,0.0015978953,0.26350263,0.28506196,-10.250253,1657487981086000000
961749585657077,-0.0013315794,0.0017310532,-5.3263176E-4,0.29164952,0.28506196,-9.952016,1657487981087000000
961749588163796,-0.002396843,0.0038615803,0.0026631588,0.36351386,0.27548003,-9.087248,1657487981090000000
961749590670462,0.0018642112,-0.0025300009,0.0026631588,0.36351386,0.27548003,-9.087248,1657487981093000000
961749593177181,0.0018642112,-0.0057257917,0.0015978953,0.2347569,0.31859866,-10.23588,1657487981094000000
961749595683848,-2.6631588E-4,6.657897E-4,-5.3263176E-4,0.2347569,0.31859866,-10.23588,1657487981098000000
961749598190566,-0.0034621065,0.0017310532,0.0037284223,0.35393196,0.31859866,-9.101621,1657487981100000000
961749600697233,-2.6631588E-4,-0.0035952644,-5.3263176E-4,0.35393196,0.31859866,-9.101621,1657487981103000000
961749603203952,7.9894764E-4,-0.004660528,-5.3263176E-4,0.36830482,0.3329715,-9.460942,1657487981107000000
961749605710618,-0.0013315794,0.0017310532,-5.3263176E-4,0.2820676,0.2658981,-10.131677,1657487981107000000
961749608217337,-0.0034621065,0.0017310532,-5.3263176E-4,0.32039526,0.36650822,-9.201033,1657487981110000000
961749610724004,-2.6631588E-4,-3.9947382E-4,0.0015978953,0.29644048,0.35213536,-9.427405,1657487981112000000
961749613230723,0.0018642112,-0.004660528,5.3263176E-4,0.29644048,0.35213536,-9.427405,1657487981116000000
961749615737389,-2.6631588E-4,0.0027963168,5.3263176E-4,0.3156043,0.280271,-10.188569,1657487981116000000
961749618244108,-0.0013315794,0.0070573706,-5.3263176E-4,0.35393196,0.30422577,-9.248343,1657487981120000000
961749620750775,7.9894764E-4,-0.0035952644,5.3263176E-4,0.32997715,0.3233896,-9.474716,1657487981121000000
961749623257493,0.0029294747,-0.0025300009,-0.0015978953,0.24373995,0.3329715,-9.980762,1657487981125000000
961749625764160,7.9894764E-4,0.0027963168,-5.3263176E-4,0.24373995,0.3329715,-9.980762,1657487981131000000
961749628270879,-0.002396843,0.005992107,-5.3263176E-4,0.27727664,0.30422577,-10.117903,1657487981133000000
961749630777546,-2.6631588E-4,0.0017310532,0.0015978953,0.33955908,0.2994348,-9.380694,1657487981134000000
961749633284264,0.0018642112,-0.0025300009,5.3263176E-4,0.32997715,0.30422577,-9.545982,1657487981134000000
961749635790931,-0.0013315794,6.657897E-4,-0.0026631588,0.29644048,0.27068907,-10.0801735,1657487981139000000
961749638297650,-0.002396843,0.0038615803,5.3263176E-4,0.33955908,0.2994348,-9.503462,1657487981139000000
961749640804316,7.9894764E-4,0.0017310532,-5.3263176E-4,0.33955908,0.2994348,-9.503462,1657487981142000000
961749643311035,7.9894764E-4,-0.0025300009,5.3263176E-4,0.29644048,0.30901673,-9.871767,1657487981146000000
961749645817702,-2.6631588E-4,-3.9947382E-4,-5.3263176E-4,0.29644048,0.32818055,-10.032863,1657487981147000000
961749648324421,7.9894764E-4,0.0017310532,-0.0037284223,0.29644048,0.32818055,-10.032863,1657487981151000000
961749650831087,0.003994738,6.657897E-4,-0.0026631588,0.36351386,0.34255344,-9.413631,1657487981154000000
961749653337806,-2.6631588E-4,-3.9947382E-4,5.3263176E-4,0.29164952,0.3329715,-9.862784,1657487981154000000
961749655844473,0.0018642112,6.657897E-4,-0.0015978953,0.23415802,0.3138077,-9.938242,1657487981156000000
961749658351191,7.9894764E-4,0.0017310532,-0.0015978953,0.29644048,0.28506196,-9.517237,1657487981159000000
961749660857858,-0.0013315794,6.657897E-4,5.3263176E-4,0.33476812,0.32818055,-9.441779,1657487981165000000
961749663364577,7.9894764E-4,-0.004660528,5.3263176E-4,0.33476812,0.32818055,-9.441779,1657487981165000000
961749665871243,7.9894764E-4,-3.9947382E-4,-0.0015978953,0.25811282,0.30422577,-9.919078,1657487981167000000
961749668377962,-0.0013315794,0.0049268436,-0.0015978953,0.32518622,0.28506196,-9.517237,1657487981170000000
961749670884629,0.0029294747,0.0027963168,-5.3263176E-4,0.32518622,0.28506196,-9.517237,1657487981175000000
961749673391348,0.0029294747,-3.9947382E-4,0.0026631588,0.27248567,0.29464385,-9.909496,1657487981175000000
961749675898066,7.9894764E-4,0.0038615803,0.0026631588,0.3012314,0.3329715,-9.938242,1657487981178000000
961749678404733,-0.0013315794,-3.9947382E-4,-5.3263176E-4,0.31081334,0.3138077,-9.5364,1657487981180000000
961749680911452,0.0029294747,6.657897E-4,5.3263176E-4,0.31081334,0.3138077,-9.5364,1657487981182000000
961749683418118,0.0018642112,-0.0014647373,0.0026631588,0.30602238,0.3473444,-9.522027,1657487981186000000
961749685924837,-0.002396843,6.657897E-4,-5.3263176E-4,0.32518622,0.30901673,-9.900513,1657487981188000000
961749688431504,0.0029294747,0.0038615803,-0.004793686,0.349141,0.32818055,-9.574129,1657487981190000000
961749690938223,0.0029294747,-0.0014647373,-0.0015978953,0.349141,0.32818055,-9.574129,1657487981191000000
961749693444889,-2.6631588E-4,-0.0035952644,0.0015978953,0.3156043,0.34255344,-9.574129,1657487981194000000
961749695951608,-0.0013315794,0.0017310532,5.3263176E-4,0.29644048,0.3233896,-9.84362,1657487981197000000
961749698458275,-2.6631588E-4,0.0027963168,0.0015978953,0.32518622,0.30422577,-9.602875,1657487981199000000
961749700964993,-2.6631588E-4,-3.9947382E-4,0.0015978953,0.32518622,0.30422577,-9.602875,1657487981200000000
961749703471660,0.0029294747,-0.0035952644,0.0037284223,0.28685856,0.2994348,-9.876558,1657487981206000000
961749705978379,-2.6631588E-4,0.0027963168,0.0015978953,0.32518622,0.2994348,-9.88614,1657487981209000000
961749708485046,7.9894764E-4,0.0027963168,-5.3263176E-4,0.29164952,0.31859866,-9.569338,1657487981209000000
961749710991764,0.0018642112,-0.0035952644,-5.3263176E-4,0.2820676,0.3138077,-9.489089,1657487981212000000
961749713498431,7.9894764E-4,-0.0025300009,0.0015978953,0.32997715,0.28985292,-9.928659,1657487981214000000
961749716005150,7.9894764E-4,0.0017310532,-5.3263176E-4,0.32997715,0.35213536,-9.923869,1657487981216000000
961749718511816,7.9894764E-4,6.657897E-4,-5.3263176E-4,0.32997715,0.35213536,-9.923869,1657487981220000000
961749721018535,7.9894764E-4,0.0017310532,-5.3263176E-4,0.34435004,0.3569263,-9.554965,1657487981223000000
961749723525202,7.9894764E-4,-3.9947382E-4,0.0015978953,0.33476812,0.29464385,-9.876558,1657487981225000000
961749726031921,7.9894764E-4,-0.0014647373,5.3263176E-4,0.32518622,0.3233896,-9.890931,1657487981228000000
961749728538587,-2.6631588E-4,6.657897E-4,-5.3263176E-4,0.3012314,0.33776248,-9.616649,1657487981237000000
961749731045306,0.0018642112,-0.0014647373,-5.3263176E-4,0.3012314,0.33776248,-9.616649,1657487981237000000
961749733551973,0.0018642112,-0.0025300009,0.0015978953,0.30602238,0.34255344,-9.853202,1657487981237000000
961749736058691,-0.0034621065,0.0027963168,-5.3263176E-4,0.30602238,0.34255344,-9.853202,1657487981237000000
961749738565358,-0.0034621065,-3.9947382E-4,0.0026631588,0.32039526,0.30901673,-9.611857,1657487981241000000
961749741072077,-0.0013315794,-0.0014647373,0.004793686,0.33955908,0.32818055,-9.465734,1657487981241000000
961749743578743,-2.6631588E-4,-0.0025300009,-5.3263176E-4,0.26290378,0.2994348,-9.876558,1657487981244000000
961749746085462,-2.6631588E-4,6.657897E-4,-5.3263176E-4,0.27727664,0.3329715,-9.876558,1657487981247000000
961749748592129,-0.0013315794,0.0038615803,-0.0015978953,0.27727664,0.3329715,-9.876558,1657487981249000000
961749751098848,7.9894764E-4,-0.0014647373,-5.3263176E-4,0.34435004,0.30422577,-9.451361,1657487981252000000
961749753605514,-0.0013315794,-0.0057257917,-5.3263176E-4,0.34435004,0.30422577,-9.451361,1657487981255000000
961749756112233,-0.002396843,-3.9947382E-4,-5.3263176E-4,0.29164952,0.28985292,-9.914287,1657487981259000000
961749758618900,-0.00452737,0.0049268436,-5.3263176E-4,0.26769474,0.3233896,-9.588502,1657487981263000000
961749761125618,-2.6631588E-4,0.0027963168,5.3263176E-4,0.32997715,0.280271,-9.427405,1657487981263000000
961749763632285,0.0018642112,-0.0014647373,0.0015978953,0.31081334,0.30901673,-9.819665,1657487981265000000
961749766139004,7.9894764E-4,-0.0025300009,-0.0015978953,0.31081334,0.30901673,-9.819665,1657487981269000000
961749768645671,7.9894764E-4,0.0027963168,-0.0015978953,0.27248567,0.34255344,-9.980762,1657487981269000000
961749771152389,-2.6631588E-4,0.0017310532,-5.3263176E-4,0.3012314,0.27548003,-9.394468,1657487981276000000
961749773659056,-2.6631588E-4,-0.0025300009,5.3263176E-4,0.2820676,0.30422577,-9.744207,1657487981276000000
961749776165775,7.9894764E-4,6.657897E-4,-5.3263176E-4,0.2820676,0.30422577,-9.744207,1657487981278000000
961749778672441,-0.0013315794,0.0038615803,0.0015978953,0.30602238,0.2994348,-9.706479,1657487981280000000
961749781179160,7.9894764E-4,-3.9947382E-4,0.0026631588,0.37309578,0.3473444,-9.423214,1657487981286000000
961749783685827,0.0018642112,-0.0035952644,-5.3263176E-4,0.37309578,0.3473444,-9.423214,1657487981286000000
961749786192546,0.0029294747,-0.0014647373,-0.0015978953,0.27248567,0.32818055,-10.004117,1657487981290000000
961749788699212,-0.0013315794,6.657897E-4,-5.3263176E-4,0.27248567,0.32818055,-10.004117,1657487981292000000
961749791205931,-0.0013315794,0.0049268436,5.3263176E-4,0.32518622,0.30901673,-9.498672,1657487981292000000
961749793712598,-0.0013315794,0.0017310532,-5.3263176E-4,0.30602238,0.30901673,-9.659168,1657487981296000000
961749796219316,-0.0013315794,6.657897E-4,5.3263176E-4,0.2820676,0.30422577,-9.971179,1657487981305000000
961749798726035,-0.0013315794,-0.0014647373,5.3263176E-4,0.25811282,0.28506196,-9.748999,1657487981305000000
961749801232702,-0.002396843,-0.0014647373,-0.0026631588,0.29644048,0.3233896,-9.465734,1657487981305000000
961749803739421,-2.6631588E-4,-3.9947382E-4,5.3263176E-4,0.32039526,0.30422577,-9.616649,1657487981307000000
961749806246087,7.9894764E-4,-0.0025300009,0.0015978953,0.32997715,0.27068907,-9.928659,1657487981308000000
961749808752806,-0.0013315794,6.657897E-4,0.0015978953,0.32997715,0.27068907,-9.928659,1657487981312000000
961749811259473,-2.6631588E-4,6.657897E-4,0.0026631588,0.29644048,0.34255344,-9.545982,1657487981312000000
961749813766191,-2.6631588E-4,-3.9947382E-4,-5.3263176E-4,0.25811282,0.29464385,-9.659168,1657487981316000000
961749816272858,-0.0034621065,-3.9947382E-4,-0.0015978953,0.25811282,0.29464385,-9.659168,1657487981317000000
961749818779577,7.9894764E-4,-0.0014647373,0.0015978953,0.30602238,0.30422577,-9.791518,1657487981322000000
961749821286243,-2.6631588E-4,-0.0014647373,-5.3263176E-4,0.32039526,0.3138077,-9.489089,1657487981323000000
961749823792962,-2.6631588E-4,-3.9947382E-4,-0.0026631588,0.27727664,0.36650822,-9.607067,1657487981327000000
961749826299629,0.0029294747,-3.9947382E-4,0.0026631588,0.27727664,0.36650822,-9.607067,1657487981327000000
961749828806348,-2.6631588E-4,-3.9947382E-4,0.0015978953,0.29164952,0.30422577,-9.786728,1657487981329000000
961749831313014,-0.002396843,0.0017310532,-5.3263176E-4,0.33955908,0.3329715,-9.583711,1657487981332000000
961749833819733,-2.6631588E-4,-0.0035952644,5.3263176E-4,0.33955908,0.3329715,-9.583711,1657487981337000000
961749836326400,0.0029294747,-0.004660528,-5.3263176E-4,0.31081334,0.30422577,-9.616649,1657487981338000000
961749838833118,-2.6631588E-4,6.657897E-4,-5.3263176E-4,0.32997715,0.31859866,-9.815474,1657487981340000000
961749841339785,-0.0034621065,0.0017310532,5.3263176E-4,0.349141,0.30901673,-9.578919,1657487981348000000
961749843846504,-0.002396843,6.657897E-4,-5.3263176E-4,0.349141,0.30901673,-9.578919,1657487981348000000
961749846353223,-2.6631588E-4,-0.0025300009,-0.0015978953,0.34435004,0.2994348,-9.578919,1657487981348000000
961749848860046,-0.0013315794,-3.9947382E-4,-0.0015978953,0.31081334,0.3233896,-9.791518,1657487981349000000
961749851366921,-0.0034621065,6.657897E-4,-5.3263176E-4,0.30602238,0.3569263,-9.593292,1657487981355000000
961749853873743,-0.0013315794,-3.9947382E-4,-0.0015978953,0.30602238,0.3569263,-9.593292,1657487981355000000
961749856380618,-0.0013315794,-0.0014647373,-0.0015978953,0.32997715,0.33776248,-9.810682,1657487981360000000
961749858887441,-0.0013315794,-0.0014647373,-0.0015978953,0.2820676,0.32818055,-9.824456,1657487981360000000
961749861394316,7.9894764E-4,0.0017310532,-5.3263176E-4,0.27727664,0.3473444,-9.6639595,1657487981365000000
961749863901139,0.0018642112,-0.0014647373,0.0015978953,0.27727664,0.3473444,-9.6639595,1657487981365000000
961749866408014,7.9894764E-4,-0.0014647373,0.0015978953,0.27248567,0.3329715,-9.645394,1657487981370000000
961749868914837,0.0018642112,6.657897E-4,5.3263176E-4,0.3012314,0.280271,-9.781937,1657487981370000000
961749871421712,-0.0013315794,0.0017310532,-5.3263176E-4,0.28685856,0.2994348,-9.6639595,1657487981374000000
961749873928535,-0.002396843,-0.0014647373,-0.0015978953,0.28685856,0.2994348,-9.6639595,1657487981375000000
961749876435410,-0.0034621065,-0.0035952644,5.3263176E-4,0.32518622,0.3329715,-9.607067,1657487981380000000
961749878942233,7.9894764E-4,-3.9947382E-4,5.3263176E-4,0.32039526,0.3473444,-9.744207,1657487981380000000
961749881449108,7.9894764E-4,-0.0025300009,-5.3263176E-4,0.32039526,0.3473444,-9.744207,1657487981384000000
961749883955931,7.9894764E-4,-0.0014647373,5.3263176E-4,0.3156043,0.34255344,-9.683124,1657487981384000000
961749886462806,0.0018642112,6.657897E-4,5.3263176E-4,0.2820676,0.3329715,-9.730433,1657487981390000000
961749888969629,-0.0013315794,6.657897E-4,5.3263176E-4,0.2820676,0.3329715,-9.730433,1657487981391000000
961749891476504,7.9894764E-4,-3.9947382E-4,0.0026631588,0.31081334,0.3569263,-9.687914,1657487981393000000
961749893983327,0.0029294747,-0.0014647373,-5.3263176E-4,0.27248567,0.3473444,-9.659168,1657487981398000000
961749896490202,0.0029294747,6.657897E-4,-5.3263176E-4,0.27248567,0.3473444,-9.659168,1657487981399000000
961749898997025,-2.6631588E-4,-0.0014647373,5.3263176E-4,0.3156043,0.32818055,-9.725643,1657487981399000000
961749901503900,-0.002396843,-0.0014647373,-5.3263176E-4,0.3156043,0.32818055,-9.725643,1657487981404000000
961749904010723,-0.0034621065,0.0038615803,-5.3263176E-4,0.29164952,0.30901673,-9.640603,1657487981408000000
961749906517598,-0.002396843,0.0049268436,-0.0015978953,0.32997715,0.33776248,-9.768163,1657487981410000000
961749909024421,-0.0013315794,-3.9947382E-4,0.0015978953,0.32997715,0.31859866,-9.791518,1657487981410000000
961749911531296,-0.0013315794,0.0017310532,0.0026631588,0.33476812,0.3138077,-9.62144,1657487981411000000
961749914038118,-0.002396843,-0.0014647373,0.0015978953,0.31620318,0.28985292,-9.6968975,1657487981414000000
961749916544993,0.0029294747,-0.0014647373,-0.0015978953,0.31620318,0.2994348,-9.866976,1657487981417000000
961749919051816,-2.6631588E-4,0.0017310532,-0.0026631588,0.30662125,0.28506196,-9.734626,1657487981420000000
961749921558691,-0.002396843,0.0017310532,-5.3263176E-4,0.31141222,0.3233896,-9.62144,1657487981421000000
961749924065514,-2.6631588E-4,-0.0025300009,-5.3263176E-4,0.31141222,0.3233896,-9.62144,1657487981426000000
961749926572389,-0.002396843,-0.0014647373,5.3263176E-4,0.30662125,0.35213536,-9.763371,1657487981428000000
961749929079212,0.0029294747,-0.0014647373,-5.3263176E-4,0.32578507,0.32818055,-9.729835,1657487981431000000
961749931586087,7.9894764E-4,-3.9947382E-4,0.0015978953,0.29703933,0.28985292,-9.682525,1657487981435000000
961749934092910,7.9894764E-4,-3.9947382E-4,5.3263176E-4,0.32099414,0.30422577,-9.678332,1657487981435000000
961749936599785,0.0029294747,-0.0025300009,-0.0015978953,0.32099414,0.30422577,-9.678332,1657487981438000000
961749939106608,7.9894764E-4,-0.0014647373,-0.0037284223,0.30662125,0.3329715,-9.829247,1657487981441000000
961749941613431,0.0018642112,-3.9947382E-4,0.0015978953,0.3018303,0.3138077,-9.593292,1657487981444000000
961749944120306,0.0018642112,0.0038615803,0.0037284223,0.31620318,0.2994348,-9.692106,1657487981445000000
961749946627129,-0.0013315794,6.657897E-4,5.3263176E-4,0.31620318,0.2994348,-9.692106,1657487981447000000
961749949134004,-0.0034621065,-0.0014647373,0.0015978953,0.2587117,0.2994348,-9.767564,1657487981451000000
961749951640827,-2.6631588E-4,0.0038615803,0.0015978953,0.33057603,0.30422577,-9.597485,1657487981455000000
961749954147702,0.0029294747,-0.004660528,5.3263176E-4,0.3018303,0.30901673,-9.654377,1657487981456000000
961749956654525,-2.6631588E-4,-0.0035952644,5.3263176E-4,0.2587117,0.3138077,-9.829247,1657487981465000000
961749959161400,-2.6631588E-4,-3.9947382E-4,-0.0015978953,0.30662125,0.32818055,-9.801101,1657487981465000000
961749961668223,-0.0013315794,-0.0014647373,-0.0015978953,0.32099414,0.31859866,-9.649587,1657487981466000000
961749964175098,-0.002396843,-0.0035952644,-5.3263176E-4,0.32099414,0.31859866,-9.649587,1657487981467000000
961749966681921,-0.0013315794,0.0017310532,5.3263176E-4,0.31141222,0.31859866,-9.772355,1657487981468000000
961749969188796,-0.0013315794,6.657897E-4,0.0026631588,0.2778755,0.27548003,-9.814875,1657487981471000000
961749971695618,7.9894764E-4,-0.0014647373,-0.0015978953,0.31141222,0.2994348,-9.6968975,1657487981474000000
961749974202493,7.9894764E-4,0.0027963168,-5.3263176E-4,0.32099414,0.3233896,-9.611857,1657487981474000000
961749976709316,-2.6631588E-4,-3.9947382E-4,0.0015978953,0.32099414,0.3233896,-9.611857,1657487981478000000
961749979216191,7.9894764E-4,-0.0025300009,5.3263176E-4,0.28266647,0.28985292,-9.729835,1657487981481000000
961749981723014,-0.0013315794,0.0017310532,-5.3263176E-4,0.36351386,0.33776248,-9.644795,1657487981484000000
961749984229889,-0.002396843,6.657897E-4,-0.0026631588,0.31620318,0.3329715,-9.5364,1657487981486000000
961749986736712,-0.0013315794,6.657897E-4,-5.3263176E-4,0.31620318,0.27068907,-9.739417,1657487981495000000
961749989243587,-2.6631588E-4,0.0017310532,5.3263176E-4,0.31620318,0.30901673,-9.838829,1657487981496000000
961749991750410,-0.0013315794,0.0027963168,-5.3263176E-4,0.31620318,0.30901673,-9.838829,1657487981496000000
961749994257285,-0.0013315794,-0.0014647373,5.3263176E-4,0.335367,0.2994348,-9.62623,1657487981498000000
961749996764108,0.0050600017,-3.9947382E-4,-0.0026631588,0.29703933,0.3473444,-9.791518,1657487981498000000
961749999270983,-2.6631588E-4,0.0017310532,-0.0026631588,0.32099414,0.36171725,-9.819665,1657487981500000000
961750001777806,-0.0013315794,0.0027963168,0.0015978953,0.32099414,0.36171725,-9.819665,1657487981502000000
961750004284681,-2.6631588E-4,-3.9947382E-4,0.0015978953,0.31620318,0.32818055,-9.673541,1657487981505000000
961750006791504,-0.0013315794,-0.0014647373,-0.0026631588,0.31620318,0.3473444,-9.767564,1657487981508000000
961750009298379,0.0029294747,-0.0014647373,5.3263176E-4,0.26350263,0.34255344,-9.871767,1657487981513000000
961750011805202,-0.0013315794,0.0017310532,-5.3263176E-4,0.33057603,0.34255344,-9.6968975,1657487981513000000
961750014312077,-0.0013315794,6.657897E-4,-0.0037284223,0.31141222,0.30901673,-9.611857,1657487981517000000
961750016818900,7.9894764E-4,6.657897E-4,5.3263176E-4,0.31141222,0.30901673,-9.611857,1657487981517000000
961750019325775,0.0018642112,-0.0025300009,0.0026631588,0.30662125,0.37129918,-9.84362,1657487981524000000
961750021832598,0.0018642112,0.0017310532,-0.0015978953,0.30662125,0.37129918,-9.84362,1657487981524000000
961750024339473,-2.6631588E-4,-3.9947382E-4,-0.0026631588,0.33057603,0.32818055,-9.649587,1657487981527000000
961750026846296,-2.6631588E-4,-3.9947382E-4,0.0015978953,0.30662125,0.3138077,-9.725044,1657487981535000000
961750029353171,-0.002396843,-0.0014647373,0.0026631588,0.29224837,0.34255344,-9.772355,1657487981535000000
961750031859993,7.9894764E-4,0.0027963168,-0.0026631588,0.29224837,0.34255344,-9.772355,1657487981535000000
961750034366868,-0.0013315794,6.657897E-4,-5.3263176E-4,0.29224837,0.34255344,-9.772355,1657487981537000000
961750036873691,7.9894764E-4,-0.0025300009,-0.004793686,0.3018303,0.32818055,-9.66875,1657487981539000000
961750039380566,-2.6631588E-4,-0.004660528,0.0015978953,0.28745744,0.30422577,-9.796309,1657487981543000000
961750041887389,-2.6631588E-4,-0.0014647373,0.0015978953,0.3018303,0.30901673,-9.744207,1657487981543000000
961750044394264,0.0018642112,0.0027963168,0.0015978953,0.34015796,0.34255344,-9.640004,1657487981547000000
961750046901087,7.9894764E-4,6.657897E-4,5.3263176E-4,0.34015796,0.34255344,-9.640004,1657487981548000000
961750049407962,7.9894764E-4,-3.9947382E-4,-5.3263176E-4,0.29224837,0.2994348,-9.767564,1657487981551000000
961750051914785,-0.0013315794,-0.0014647373,5.3263176E-4,0.33057603,0.33776248,-9.659168,1657487981554000000
961750054421660,-0.0034621065,-0.0035952644,0.0015978953,0.3018303,0.28506196,-9.66875,1657487981556000000
961750056928483,7.9894764E-4,-3.9947382E-4,5.3263176E-4,0.3018303,0.28506196,-9.66875,1657487981558000000
961750059435358,-2.6631588E-4,0.0027963168,5.3263176E-4,0.3018303,0.28506196,-9.66875,1657487981563000000
961750061942181,-2.6631588E-4,0.0017310532,5.3263176E-4,0.32578507,0.3473444,-9.687315,1657487981571000000
961750064449056,7.9894764E-4,-0.0025300009,-5.3263176E-4,0.29703933,0.3138077,-9.66875,1657487981571000000
961750066955879,0.0018642112,0.0017310532,-0.0015978953,0.29703933,0.3138077,-9.66875,1657487981571000000
961750069462754,0.0018642112,0.0017310532,5.3263176E-4,0.31620318,0.29464385,-9.716061,1657487981577000000
961750071969577,-0.002396843,-3.9947382E-4,-0.0015978953,0.29703933,0.30901673,-9.744207,1657487981577000000
961750074476452,-2.6631588E-4,0.0017310532,5.3263176E-4,0.29224837,0.30901673,-9.687315,1657487981577000000
961750076983275,-0.00452737,0.0049268436,-5.3263176E-4,0.29224837,0.30901673,-9.687315,1657487981578000000
961750079490150,-0.0013315794,-3.9947382E-4,-0.0026631588,0.29703933,0.30901673,-9.772355,1657487981579000000
961750081996973,7.9894764E-4,-0.0025300009,0.0015978953,0.2587117,0.2994348,-9.767564,1657487981582000000
961750084503848,-0.0013315794,-3.9947382E-4,-5.3263176E-4,0.2778755,0.37129918,-9.6639595,1657487981585000000
961750087010671,7.9894764E-4,-3.9947382E-4,-0.0026631588,0.3018303,0.37129918,-9.716061,1657487981588000000
961750089517546,0.0029294747,-0.0014647373,-0.0015978953,0.31141222,0.30422577,-9.739417,1657487981590000000
961750092024368,0.0018642112,-0.0014647373,-5.3263176E-4,0.31141222,0.30422577,-9.739417,1657487981593000000
961750094531243,0.0029294747,-3.9947382E-4,-5.3263176E-4,0.31141222,0.3473444,-9.66875,1657487981598000000
961750097038066,-0.0013315794,-0.0025300009,-5.3263176E-4,0.31141222,0.3473444,-9.66875,1657487981599000000
961750099544941,-0.0013315794,-0.0025300009,0.0026631588,0.27308455,0.35213536,-9.786728,1657487981602000000
961750102051764,0.0018642112,6.657897E-4,5.3263176E-4,0.28266647,0.32818055,-9.777145,1657487981604000000
961750104558639,-2.6631588E-4,0.0017310532,-5.3263176E-4,0.28266647,0.32818055,-9.777145,1657487981607000000
961750107065462,-0.0013315794,6.657897E-4,-5.3263176E-4,0.30662125,0.280271,-9.767564,1657487981609000000
961750109572337,-2.6631588E-4,-0.0025300009,0.0025300009,0.2778755,0.280271,-9.720852,1657487981612000000
961750112079160,0.0018642112,-0.0014647373,3.9947382E-4,0.29284725,0.34674552,-9.729236,1657487981612000000
961750114586035,-2.6631588E-4,-3.9947382E-4,-0.0017310532,0.28865516,0.34674552,-9.720253,1657487981615000000
961750117092858,-2.6631588E-4,0.0027963168,-6.657897E-4,0.28865516,0.28985292,-9.701089,1657487981617000000
961750119599733,-0.0013315794,-0.0014647373,0.0014647373,0.28865516,0.28985292,-9.701089,1657487981622000000
961750122106556,7.9894764E-4,0.0027963168,3.9947382E-4,0.30781898,0.3275817,-9.725044,1657487981624000000
961750124613379,-2.6631588E-4,0.0017310532,3.9947382E-4,0.33596587,0.35153648,-9.653778,1657487981625000000
961750127120254,-0.002396843,-0.0014647373,0.0014647373,0.30302805,0.32279074,-9.753191,1657487981627000000
961750129627077,-0.002396843,6.657897E-4,3.9947382E-4,0.24074559,0.32279074,-9.795711,1657487981631000000
961750132133952,-0.002396843,-0.0014647373,0.0025300009,0.24074559,0.32279074,-9.795711,1657487981636000000
961750134640775,7.9894764E-4,-0.0025300009,-6.657897E-4,0.2982371,0.30841786,-9.663361,1657487981636000000
961750137147650,0.0061252653,-3.9947382E-4,-0.0017310532,0.2982371,0.30841786,-9.663361,1657487981640000000
961750139654473,-0.0013315794,-3.9947382E-4,-6.657897E-4,0.31260994,0.294045,-9.738818,1657487981644000000
961750142161348,-2.6631588E-4,6.657897E-4,-0.0027963168,0.2982371,0.294045,-9.715462,1657487981644000000
961750144668171,7.9894764E-4,0.0017310532,3.9947382E-4,0.2982371,0.294045,-9.715462,1657487981646000000
961750147175046,0.0029294747,-0.0025300009,-6.657897E-4,0.2838642,0.27967212,-9.663361,1657487981649000000
961750149681868,0.0018642112,0.0017310532,-0.0027963168,0.3174009,0.36111838,-9.805292,1657487981651000000
961750152188743,-2.6631588E-4,6.657897E-4,-0.0017310532,0.30302805,0.34674552,-9.691507,1657487981653000000
961750154695566,-2.6631588E-4,-0.0014647373,0.0025300009,0.2838642,0.35153648,-9.601677,1657487981657000000
961750157202441,0.0018642112,-0.0025300009,0.0025300009,0.2838642,0.3371636,-9.719654,1657487981664000000
961750159709264,-0.0013315794,-0.0025300009,-6.657897E-4,0.29344612,0.32279074,-9.800502,1657487981666000000
961750162216139,-2.6631588E-4,-0.0014647373,3.9947382E-4,0.28865516,0.3036269,-9.701089,1657487981666000000
961750164722962,-0.002396843,0.0017310532,3.9947382E-4,0.28865516,0.3036269,-9.701089,1657487981668000000
961750167229837,-2.6631588E-4,-3.9947382E-4,3.9947382E-4,0.31260994,0.294045,-9.743609,1657487981669000000
961750169736660,0.0018642112,-3.9947382E-4,0.0025300009,0.31260994,0.35632744,-9.795711,1657487981675000000
961750172243535,-2.6631588E-4,-0.0014647373,-6.657897E-4,0.30302805,0.35632744,-9.724445,1657487981675000000
961750174750358,-2.6631588E-4,6.657897E-4,-0.0017310532,0.3317738,0.34195456,-9.70588,1657487981678000000
961750177257233,7.9894764E-4,0.0017310532,-6.657897E-4,0.26470038,0.31799978,-9.714863,1657487981678000000
961750179764056,-0.0013315794,-0.0014647373,-0.0027963168,0.31260994,0.29883596,-9.738818,1657487981682000000
961750182270931,-2.6631588E-4,-3.9947382E-4,-0.0017310532,0.32219186,0.28446308,-9.719654,1657487981682000000
961750184777754,-2.6631588E-4,0.0038615803,-0.0017310532,0.32219186,0.3275817,-9.691507,1657487981686000000
961750187284629,7.9894764E-4,0.0027963168,-0.0017310532,0.25990942,0.31320882,-9.691507,1657487981689000000
961750189791452,7.9894764E-4,6.657897E-4,-6.657897E-4,0.2838642,0.3036269,-9.724445,1657487981693000000
961750192298327,0.0018642112,6.657897E-4,3.9947382E-4,0.29344612,0.25571734,-9.719654,1657487981696000000
961750194805150,7.9894764E-4,-0.0014647373,0.0014647373,0.3174009,0.31799978,-9.634615,1657487981698000000
961750197312025,0.0018642112,0.0027963168,3.9947382E-4,0.31260994,0.32279074,-9.663361,1657487981700000000
961750199818848,0.0029294747,6.657897E-4,-0.005992107,0.3509376,0.31320882,-9.719654,1657487981705000000
961750202325723,0.0029294747,6.657897E-4,-0.0017310532,0.30781898,0.30841786,-9.701089,1657487981706000000
961750204832546,7.9894764E-4,0.0017310532,3.9947382E-4,0.30781898,0.30841786,-9.701089,1657487981707000000
961750207339421,-0.0013315794,6.657897E-4,0.0014647373,0.2742823,0.36111838,-9.61605,1657487981710000000
961750209846243,7.9894764E-4,-0.0025300009,0.0014647373,0.30302805,0.34674552,-9.70588,1657487981711000000
961750212353118,0.0018642112,6.657897E-4,-6.657897E-4,0.30302805,0.34674552,-9.70588,1657487981714000000
961750214859941,0.0018642112,-0.0014647373,-0.0027963168,0.31260994,0.3036269,-9.734027,1657487981719000000
961750217366816,-2.6631588E-4,0.0017310532,-6.657897E-4,0.29344612,0.31799978,-9.734027,1657487981720000000
961750219873639,7.9894764E-4,-0.0014647373,3.9947382E-4,0.29344612,0.31799978,-9.734027,1657487981721000000
961750222380514,-0.0013315794,-0.0035952644,0.0014647373,0.29344612,0.31799978,-9.734027,1657487981724000000
961750224887337,-0.0013315794,0.0017310532,-0.0017310532,0.32219186,0.27488115,-9.7765465,1657487981725000000
961750227394212,-2.6631588E-4,0.0017310532,3.9947382E-4,0.32219186,0.31799978,-9.714863,1657487981732000000
961750229901035,7.9894764E-4,-0.004660528,-6.657897E-4,0.34135568,0.32279074,-9.719654,1657487981732000000
961750232407910,0.0029294747,-0.004660528,0.0014647373,0.32219186,0.32279074,-9.771756,1657487981732000000
961750234914733,7.9894764E-4,0.0017310532,0.0025300009,0.32219186,0.32279074,-9.771756,1657487981739000000
961750237421608,7.9894764E-4,0.0017310532,0.0014647373,0.31799978,0.28925404,-9.743609,1657487981740000000
961750239928431,-2.6631588E-4,6.657897E-4,-0.0027963168,0.32279074,0.3036269,-9.696299,1657487981744000000
961750242435306,7.9894764E-4,0.0017310532,-0.0017310532,0.29883596,0.31799978,-9.771756,1657487981744000000
961750244942129,0.0029294747,-0.0014647373,-6.657897E-4,0.29883596,0.31320882,-9.714863,1657487981749000000
961750247449004,7.9894764E-4,-0.0025300009,0.0014647373,0.29883596,0.31320882,-9.714863,1657487981749000000
961750249955827,-2.6631588E-4,6.657897E-4,-6.657897E-4,0.30841786,0.30841786,-9.634615,1657487981754000000
961750252462702,-2.6631588E-4,0.0027963168,-0.0027963168,0.3036269,0.32279074,-9.7100725,1657487981754000000
961750254969525,0.0029294747,6.657897E-4,-0.0017310532,0.29883596,0.31320882,-9.738818,1657487981757000000
961750257476400,0.003994738,6.657897E-4,3.9947382E-4,0.2700902,0.28925404,-9.648988,1657487981758000000
961750259983223,7.9894764E-4,-0.0025300009,-6.657897E-4,0.27967212,0.29883596,-9.6771345,1657487981762000000
961750262490098,-0.0013315794,-3.9947382E-4,-0.0038615803,0.27967212,0.3036269,-9.686716,1657487981762000000
961750264996921,-2.6631588E-4,-0.0025300009,-0.0027963168,0.28925404,0.34674552,-9.681926,1657487981765000000
961750267503796,0.0029294747,-3.9947382E-4,0.0014647373,0.3275817,0.32279074,-9.639405,1657487981768000000
961750270010618,-2.6631588E-4,-3.9947382E-4,0.0025300009,0.3275817,0.32279074,-9.639405,1657487981774000000
961750272517493,-0.0013315794,-0.0014647373,-6.657897E-4,0.294045,0.3371636,-9.705281,1657487981774000000
961750275024316,-0.0013315794,-3.9947382E-4,-0.0017310532,0.31320882,0.31320882,-9.7765465,1657487981777000000
961750277531191,-0.002396843,6.657897E-4,-6.657897E-4,0.31320882,0.31320882,-9.7765465,1657487981778000000
961750280038014,-0.002396843,6.657897E-4,3.9947382E-4,0.2700902,0.294045,-9.724445,1657487981781000000
961750282544889,-0.00452737,-3.9947382E-4,-0.0027963168,0.26529926,0.29883596,-9.714863,1657487981784000000
961750285051712,-0.0013315794,6.657897E-4,-0.0017310532,0.26529926,0.29883596,-9.714863,1657487981786000000
961750287558587,-2.6631588E-4,0.0017310532,-0.0027963168,0.26529926,0.29883596,-9.714863,1657487981791000000
961750290065410,7.9894764E-4,6.657897E-4,3.9947382E-4,0.30841786,0.30841786,-9.672343,1657487981791000000
961750292572285,-2.6631588E-4,-0.0025300009,0.0025300009,0.30841786,0.30841786,-9.672343,1657487981799000000
961750295079108,-0.0034621065,-0.0035952644,3.9947382E-4,0.31799978,0.33237264,-9.7100725,1657487981799000000
961750297585983,-2.6631588E-4,-3.9947382E-4,-0.0017310532,0.28925404,0.32279074,-9.733428,1657487981800000000
961750300092806,-2.6631588E-4,6.657897E-4,-0.0017310532,0.28925404,0.32279074,-9.733428,1657487981800000000
961750302599681,-2.6631588E-4,-3.9947382E-4,3.9947382E-4,0.32279074,0.34674552,-9.795112,1657487981807000000
961750305106504,-0.0013315794,-0.0025300009,3.9947382E-4,0.3371636,0.31799978,-9.747801,1657487981811000000
961750307613327,-2.6631588E-4,-0.0025300009,0.0025300009,0.31799978,0.32279074,-9.6957,1657487981811000000
961750310120202,-2.6631588E-4,6.657897E-4,0.0025300009,0.30781898,0.34674552,-9.691507,1657487981811000000
961750312627025,-2.6631588E-4,-0.0014647373,3.9947382E-4,0.28865516,0.3275817,-9.696299,1657487981812000000
961750315133900,7.9894764E-4,-0.0014647373,-6.657897E-4,0.30302805,0.3138077,-9.701089,1657487981815000000
961750317640723,7.9894764E-4,-0.0035952644,0.0014647373,0.3120111,0.34195456,-9.710671,1657487981819000000
961750320147598,-0.002396843,-0.0014647373,0.0025300009,0.321593,0.35632744,-9.7484,1657487981821000000
961750322654421,7.9894764E-4,-3.9947382E-4,0.0014647373,0.31680202,0.33237264,-9.781338,1657487981825000000
961750325161296,0.0018642112,6.657897E-4,3.9947382E-4,0.31680202,0.33237264,-9.781338,1657487981830000000
961750327668118,-2.6631588E-4,-3.9947382E-4,3.9947382E-4,0.30781898,0.32279074,-9.710671,1657487981830000000
961750330174993,-0.0013315794,-3.9947382E-4,0.0014647373,0.30781898,0.33237264,-9.7765465,1657487981831000000
961750332681816,-2.6631588E-4,-0.0035952644,0.0014647373,0.30781898,0.33237264,-9.7765465,1657487981834000000
961750335188691,-2.6631588E-4,-0.0035952644,3.9947382E-4,0.321593,0.30422577,-9.7484,1657487981840000000
961750337695514,7.9894764E-4,-3.9947382E-4,0.0025300009,0.2742823,0.3371636,-9.70588,1657487981843000000
961750340202389,-2.6631588E-4,6.657897E-4,-6.657897E-4,0.2982371,0.3138077,-9.738818,1657487981843000000
961750342709212,-0.002396843,6.657897E-4,0.0014647373,0.30302805,0.32279074,-9.757982,1657487981843000000
961750345216087,-0.0013315794,-3.9947382E-4,3.9947382E-4,0.31260994,0.3371636,-9.701089,1657487981847000000
961750347722806,-0.0013315794,-0.0014647373,-0.0017310532,0.33596587,0.31799978,-9.681926,1657487981848000000
961750350229473,0.0018642112,-0.0014647373,3.9947382E-4,0.35033873,0.28985292,-9.701089,1657487981850000000
961750352736087,-2.6631588E-4,0.0017310532,0.0014647373,0.2982371,0.33237264,-9.672942,1657487981855000000
961750355242754,0.0018642112,-3.9947382E-4,-0.0017310532,0.33596587,0.2994348,-9.696299,1657487981855000000
961750357749368,-2.6631588E-4,-0.0014647373,-0.0017310532,0.33596587,0.27068907,-9.757982,1657487981861000000
961750360256035,-2.6631588E-4,-0.0014647373,3.9947382E-4,0.33596587,0.27068907,-9.757982,1657487981862000000
961750362762650,-0.0013315794,6.657897E-4,3.9947382E-4,0.3174009,0.280271,-9.720253,1657487981864000000
961750365269316,7.9894764E-4,6.657897E-4,3.9947382E-4,0.3174009,0.280271,-9.720253,1657487981867000000
961750367775931,-0.0013315794,-0.0014647373,0.0025300009,0.30781898,0.35632744,-9.734027,1657487981874000000
961750370282598,-0.002396843,6.657897E-4,0.0014647373,0.30781898,0.35632744,-9.734027,1657487981876000000
961750372789212,-0.002396843,-3.9947382E-4,0.0025300009,0.2982371,0.3371636,-9.753191,1657487981876000000
961750375295879,-0.0034621065,0.0027963168,-6.657897E-4,0.2982371,0.3371636,-9.753191,1657487981876000000
961750377802493,7.9894764E-4,-0.0014647373,-0.0017310532,0.31260994,0.280271,-9.701089,1657487981883000000
961750380309160,0.0029294747,-0.0025300009,-0.0017310532,0.30781898,0.27548003,-9.715462,1657487981883000000
961750382815775,0.0029294747,-0.0025300009,-6.657897E-4,0.2838642,0.2994348,-9.795711,1657487981884000000
961750385322441,0.0018642112,6.657897E-4,0.0025300009,0.30302805,0.35153648,-9.753191,1657487981888000000
961750387829056,0.0018642112,6.657897E-4,0.0035952644,0.30302805,0.35153648,-9.753191,1657487981888000000
961750390335723,-2.6631588E-4,-3.9947382E-4,0.0025300009,0.28865516,0.30422577,-9.724445,1657487981892000000
961750392842337,-2.6631588E-4,0.0017310532,-0.0027963168,0.33596587,0.25152525,-9.7765465,1657487981895000000
961750395349004,7.9894764E-4,6.657897E-4,3.9947382E-4,0.33596587,0.25152525,-9.7765465,1657487981899000000
961750397855618,-0.002396843,0.0017310532,-0.0017310532,0.2838642,0.30422577,-9.70588,1657487981899000000
961750400362285,-0.002396843,0.0027963168,0.0035952644,0.33596587,0.3275817,-9.720253,1657487981901000000
961750402868900,-0.0013315794,6.657897E-4,-6.657897E-4,0.34554777,0.32279074,-9.743609,1657487981906000000
961750405375566,-0.0013315794,-0.0025300009,-0.0027963168,0.28865516,0.2994348,-9.696299,1657487981910000000
961750407882181,-0.002396843,-3.9947382E-4,-0.0017310532,0.30302805,0.3371636,-9.648988,1657487981910000000
961750410388796,-0.002396843,-3.9947382E-4,-6.657897E-4,0.30302805,0.3275817,-9.686716,1657487981912000000
961750412895462,-0.0013315794,-0.0014647373,-6.657897E-4,0.24553655,0.32279074,-9.767564,1657487981915000000
961750415402077,0.0029294747,6.657897E-4,-0.0017310532,0.3311749,0.31320882,-9.762773,1657487981917000000
961750417908743,7.9894764E-4,-3.9947382E-4,-0.0017310532,0.3311749,0.31320882,-9.762773,1657487981919000000
961750420415358,0.0029294747,6.657897E-4,-0.0017310532,0.32219186,0.29464385,-9.672942,1657487981921000000
961750422922025,7.9894764E-4,6.657897E-4,-6.657897E-4,0.29344612,0.27548003,-9.710671,1657487981924000000
961750425428639,-0.0013315794,0.0017310532,-6.657897E-4,0.34075683,0.3371636,-9.729236,1657487981926000000
961750427935306,-0.0013315794,6.657897E-4,-0.0017310532,0.27907324,0.3275817,-9.710671,1657487981933000000
961750430441921,-2.6631588E-4,-0.0014647373,3.9947382E-4,0.3311749,0.31320882,-9.729236,1657487981934000000
961750432948587,-0.0034621065,6.657897E-4,0.0014647373,0.3311749,0.31320882,-9.729236,1657487981934000000
961750435455202,-2.6631588E-4,-3.9947382E-4,3.9947382E-4,0.27907324,0.32279074,-9.70588,1657487981938000000
961750437961868,7.9894764E-4,-3.9947382E-4,-0.0017310532,0.27907324,0.32279074,-9.70588,1657487981939000000
961750440468483,-2.6631588E-4,-0.0035952644,0.0035952644,0.31260994,0.34674552,-9.668152,1657487981943000000
961750442975150,-2.6631588E-4,6.657897E-4,0.0025300009,0.25511846,0.28985292,-9.767564,1657487981945000000
961750445481764,0.0018642112,-0.0025300009,0.0014647373,0.28865516,0.3036269,-9.724445,1657487981947000000
961750447988431,-2.6631588E-4,-0.0025300009,3.9947382E-4,0.31260994,0.36590934,-9.729236,1657487981949000000
961750450495046,0.0018642112,-3.9947382E-4,0.0014647373,0.29344612,0.32279074,-9.701089,1657487981951000000
961750453001712,-2.6631588E-4,6.657897E-4,-6.657897E-4,0.29344612,0.32279074,-9.701089,1657487981955000000
961750455508327,-0.0013315794,-3.9947382E-4,-6.657897E-4,0.2982371,0.3036269,-9.7484,1657487981959000000
961750458014993,-0.0034621065,0.0027963168,-0.0017310532,0.32219186,0.280271,-9.738818,1657487981959000000
961750460521608,7.9894764E-4,6.657897E-4,3.9947382E-4,0.30302805,0.27068907,-9.762773,1657487981964000000
961750463028275,-2.6631588E-4,6.657897E-4,0.0014647373,0.30302805,0.34195456,-9.724445,1657487981967000000
961750465534889,-0.0013315794,6.657897E-4,3.9947382E-4,0.30781898,0.3371636,-9.767564,1657487981967000000
961750468041556,7.9894764E-4,6.657897E-4,3.9947382E-4,0.30781898,0.3371636,-9.767564,1657487981969000000
961750470548171,7.9894764E-4,-0.0014647373,0.0014647373,0.32219186,0.30841786,-9.658569,1657487981971000000
961750473054837,0.0029294747,-3.9947382E-4,-6.657897E-4,0.3317738,0.31799978,-9.70588,1657487981975000000
961750475561452,7.9894764E-4,-0.0014647373,0.0014647373,0.3317738,0.31799978,-9.70588,1657487981976000000
961750478068118,-2.6631588E-4,0.0017310532,0.0014647373,0.26470038,0.3371636,-9.762773,1657487981980000000
961750480574733,-2.6631588E-4,-3.9947382E-4,0.0025300009,0.2838642,0.30841786,-9.7484,1657487981982000000
961750483081400,-2.6631588E-4,-0.0014647373,3.9947382E-4,0.29344612,0.28985292,-9.753191,1657487981986000000
961750485588014,-0.00452737,-3.9947382E-4,-0.0017310532,0.32219186,0.26110715,-9.70588,1657487981986000000
961750488094681,7.9894764E-4,0.0017310532,3.9947382E-4,0.30781898,0.28985292,-9.701089,1657487981990000000
961750490601296,0.0029294747,0.0027963168,-6.657897E-4,0.29344612,0.30841786,-9.70588,1657487981993000000
961750493107910,-2.6631588E-4,-3.9947382E-4,0.0014647373,0.30781898,0.33237264,-9.720253,1657487981997000000
961750495614577,0.0018642112,-3.9947382E-4,-0.0017310532,0.30781898,0.33237264,-9.720253,1657487982001000000
961750498121191,7.9894764E-4,6.657897E-4,-6.657897E-4,0.31260994,0.31320882,-9.70588,1657487982002000000
961750500627858,0.0029294747,-0.0014647373,-6.657897E-4,0.29344612,0.27548003,-9.677733,1657487982003000000
961750503134473,-2.6631588E-4,-0.004660528,-0.0027963168,0.28865516,0.3036269,-9.729236,1657487982006000000
961750505641139,-0.0013315794,-3.9947382E-4,-6.657897E-4,0.28865516,0.3036269,-9.729236,1657487982006000000
961750508147754,0.003994738,6.657897E-4,5.3263176E-4,0.30781898,0.34674552,-9.724445,1657487982010000000
961750510654421,7.9894764E-4,-3.9947382E-4,5.3263176E-4,0.32099414,0.3233896,-9.744207,1657487982015000000
961750513161035,-0.0013315794,-3.9947382E-4,0.0026631588,0.29703933,0.3138077,-9.725044,1657487982015000000
961750515667702,-2.6631588E-4,0.0017310532,5.3263176E-4,0.2778755,0.32818055,-9.758581,1657487982016000000
961750518174316,-0.0013315794,0.0027963168,-0.0037284223,0.2778755,0.32818055,-9.758581,1657487982018000000
961750520680983,-2.6631588E-4,0.0049268436,-0.0015978953,0.32039526,0.30422577,-9.725643,1657487982020000000
961750523187598,-2.6631588E-4,-3.9947382E-4,5.3263176E-4,0.2820676,0.33776248,-9.71127,1657487982024000000
961750525694264,7.9894764E-4,-0.0014647373,-0.0015978953,0.32997715,0.3569263,-9.673541,1657487982029000000
961750528200879,-2.6631588E-4,-0.0035952644,-0.0015978953,0.38746867,0.2994348,-9.772355,1657487982029000000
961750530707546,-0.0013315794,-3.9947382E-4,5.3263176E-4,0.29644048,0.32818055,-9.71127,1657487982032000000
961750533214160,0.0029294747,0.0017310532,-0.004793686,0.26290378,0.280271,-9.716061,1657487982035000000
961750535720827,7.9894764E-4,6.657897E-4,-5.3263176E-4,0.26290378,0.280271,-9.716061,1657487982037000000
961750538227441,-2.6631588E-4,0.0027963168,-5.3263176E-4,0.3012314,0.32818055,-9.683124,1657487982041000000
961750540734108,0.003994738,0.0027963168,-5.3263176E-4,0.3012314,0.3473444,-9.701688,1657487982043000000
961750543240723,7.9894764E-4,0.0017310532,-0.0015978953,0.3012314,0.3329715,-9.758581,1657487982044000000
961750545747389,-0.0013315794,0.0027963168,-0.0015978953,0.3012314,0.3329715,-9.758581,1657487982049000000
961750548254004,-0.0013315794,0.0027963168,-0.0015978953,0.30602238,0.35213536,-9.706479,1657487982049000000
961750550760671,-0.002396843,6.657897E-4,0.0026631588,0.2820676,0.28506196,-9.725643,1657487982053000000
961750553267285,-0.0013315794,6.657897E-4,-0.0015978953,0.29164952,0.28506196,-9.692106,1657487982053000000
961750555773952,-2.6631588E-4,-0.0014647373,0.0015978953,0.29164952,0.28506196,-9.692106,1657487982057000000
961750558280566,0.0018642112,-0.0025300009,-0.0015978953,0.28685856,0.29464385,-9.687914,1657487982062000000
961750560787233,-2.6631588E-4,-0.0014647373,5.3263176E-4,0.3012314,0.31859866,-9.640603,1657487982063000000
961750563293848,-0.0013315794,0.0017310532,-5.3263176E-4,0.29644048,0.2994348,-9.645394,1657487982063000000
961750565800514,7.9894764E-4,0.0017310532,-5.3263176E-4,0.29644048,0.2994348,-9.645394,1657487982067000000
961750568307129,-2.6631588E-4,-3.9947382E-4,0.0037284223,0.3156043,0.34255344,-9.730433,1657487982077000000
961750570813796,-2.6631588E-4,0.0017310532,0.0026631588,0.3156043,0.34255344,-9.730433,1657487982077000000
961750573320410,7.9894764E-4,0.0027963168,0.0026631588,0.29644048,0.30422577,-9.683124,1657487982077000000
961750575827077,-0.0034621065,6.657897E-4,-5.3263176E-4,0.27248567,0.36171725,-9.683124,1657487982077000000
961750578333691,-0.00452737,6.657897E-4,-5.3263176E-4,0.30602238,0.30901673,-9.673541,1657487982081000000
961750580840306,-2.6631588E-4,-3.9947382E-4,5.3263176E-4,0.31081334,0.30901673,-9.659168,1657487982082000000
961750583346973,0.0018642112,-0.0014647373,5.3263176E-4,0.27248567,0.29464385,-9.720852,1657487982088000000
961750585853587,-0.0013315794,-0.0025300009,0.0015978953,0.25811282,0.280271,-9.716061,1657487982088000000
961750588360254,0.0018642112,6.657897E-4,5.3263176E-4,0.28685856,0.30901673,-9.725643,1657487982095000000
961750590866868,7.9894764E-4,-0.0014647373,0.0026631588,0.32518622,0.33776248,-9.720852,1657487982095000000
961750593373535,0.0029294747,-3.9947382E-4,0.0015978953,0.32518622,0.33776248,-9.720852,1657487982095000000
961750595880150,7.9894764E-4,0.0027963168,-5.3263176E-4,0.32518622,0.33776248,-9.720852,1657487982097000000
961750598386816,-0.0013315794,-3.9947382E-4,-5.3263176E-4,0.31081334,0.3233896,-9.71127,1657487982099000000
961750600893431,-0.0013315794,-0.0025300009,0.0026631588,0.27248567,0.2994348,-9.71127,1657487982108000000
961750603400098,-2.6631588E-4,-3.9947382E-4,-5.3263176E-4,0.29644048,0.31859866,-9.71127,1657487982108000000
961750605906712,-0.0013315794,-0.0014647373,5.3263176E-4,0.32039526,0.3138077,-9.730433,1657487982108000000
961750608413379,-0.0034621065,0.0017310532,-0.0026631588,0.32039526,0.3138077,-9.730433,1657487982109000000
961750610919993,-0.002396843,6.657897E-4,-0.0015978953,0.3156043,0.29464385,-9.697496,1657487982111000000
961750613426660,-2.6631588E-4,-0.0014647373,-0.0026631588,0.3156043,0.29464385,-9.697496,1657487982113000000
961750615933275,0.0029294747,-0.0014647373,-0.0015978953,0.29164952,0.37129918,-9.71127,1657487982116000000
961750618439941,-0.0013315794,-0.0025300009,0.0015978953,0.32458735,0.32818055,-9.702287,1657487982121000000
961750620946556,7.9894764E-4,-0.0014647373,-5.3263176E-4,0.32458735,0.32818055,-9.702287,1657487982121000000
961750623453223,0.0018642112,-0.0025300009,-5.3263176E-4,0.28625968,0.30422577,-9.744806,1657487982132000000
961750625959837,-2.6631588E-4,-3.9947382E-4,0.0026631588,0.31979638,0.31859866,-9.758581,1657487982132000000
961750628466504,-0.0034621065,0.0049268436,-0.0037284223,0.31979638,0.31859866,-9.758581,1657487982133000000
961750630973118,-0.0013315794,-3.9947382E-4,-0.0015978953,0.27188683,0.33776248,-9.720852,1657487982133000000
961750633479785,0.0018642112,-3.9947382E-4,5.3263176E-4,0.27188683,0.33776248,-9.720852,1657487982135000000
961750635986400,0.0018642112,6.657897E-4,5.3263176E-4,0.28146872,0.29464385,-9.707078,1657487982139000000
961750638493066,-0.0013315794,6.657897E-4,0.0015978953,0.30542353,0.3138077,-9.687914,1657487982144000000
961750640999681,-0.002396843,6.657897E-4,5.3263176E-4,0.30542353,0.3138077,-9.687914,1657487982144000000
961750643506348,0.0018642112,-3.9947382E-4,0.0026631588,0.33416927,0.31859866,-9.71127,1657487982147000000
961750646012962,7.9894764E-4,-3.9947382E-4,-0.0015978953,0.3389602,0.30422577,-9.716061,1657487982147000000
961750648519629,0.0018642112,6.657897E-4,-0.0015978953,0.31021446,0.2994348,-9.697496,1657487982148000000
961750651026243,0.0029294747,0.0017310532,0.0026631588,0.34854212,0.3473444,-9.683124,1657487982151000000
961750653532910,7.9894764E-4,-0.0014647373,0.0026631588,0.27188683,0.30901673,-9.683124,1657487982155000000
961750656039525,7.9894764E-4,-0.0025300009,5.3263176E-4,0.27188683,0.30901673,-9.683124,1657487982158000000
961750658546191,-2.6631588E-4,-3.9947382E-4,0.0015978953,0.28625968,0.3473444,-9.687914,1657487982161000000
961750661052806,-2.6631588E-4,-0.0025300009,-5.3263176E-4,0.27188683,0.3329715,-9.664558,1657487982161000000
961750663559421,-0.002396843,-0.0025300009,-5.3263176E-4,0.27667776,0.35213536,-9.692705,1657487982164000000
961750666066087,-0.0013315794,-0.0025300009,-5.3263176E-4,0.31021446,0.33776248,-9.735225,1657487982167000000
961750668572702,-0.0013315794,-0.0014647373,5.3263176E-4,0.34375116,0.30901673,-9.697496,1657487982178000000
961750671079368,0.0029294747,6.657897E-4,-5.3263176E-4,0.34375116,0.30901673,-9.697496,1657487982178000000
